ADRIANO  LUZ				                                                                                                                        
AARON  TAYLOR  JOHNSON
ABE SADAO  (SADAO  ABE)
ABBOT  ET COSTELLO
ABEL  FERRARA
ABEL  JAFRI
ABIGAIL  SPENCER
AMA  K  ABREBRESE
ABRAHAM  F MURRAY
ADAM    BUTCHER
ADAM    CHAMBERS
ADAM  CHEN
ADAM     DEACON
ADAM  DRIVER
ADAM  JOHNSON
ADAM  SANDLER
ADAM  SCOTT
ADAM WEST
ADEL BENCHERIF
ADELE  HAENEL	
ADJANI  ISABELLE									
ADLIN AMAN RAMLEE 
ADOLFO  CELI
ADRIA  COLLADO
ADRIAN  BRODY
ADRIAN DUNBAR
ADRIAN  PAUL			 
ADRIANA SFORZA  	
ADRIEN  JOLIVET 
ADRIENNE BAILON
AFFIF BEN  BADRA
AGHELEH REZAIE
AGNES BRUCKNER
AGNES JAOUI
AGNES  SORAL
AGOSTINA  BELLO
AGUTTER  JENNY
AHN NAE SONG (NAE SONG  AHN)
AHN SUNG KI
AIDAN  QUINN
AIKAWA  SHO
AIMEE  GARCIA
AISLINN  PAUL
AISSA  MAIGA
AJ  BOWEN
AKAJI  MARO					
AKI  KAURISMAKI
AKIRA  NAKAO
AKSHAY  KUMAR
AL CLIVER	
AL  MARTINEZ
AL PACCINO
AL  SAPIENZA				
ALAIN  AZEROT
ALAIN CHABAT
ALAIN DELON
ALAN  ARKIN
ALAN  C  PETERSON				
ALAN  CORDUNER
ALAN  COX
ALAN  LADD
ALBA  JESSICA
ALBAN  LENOIR				
ALBERT  DEKKER
ALBERT DINAN
ALBERT DUPONTEL
ALBERT FINNEY
ALBERTO  SORDI
ALDO  MACCIONE
ALDO  SAMBRELL				
ALEC  GUINNESS
ALEJANDRA  LORENZO
ALEJANDRO  TOCAR
ALEKSEI CHADOV
ALEKSEY KRAVCHENKO
ALEKSEY  GUSKOV
ALEKSEY PETRENKO  
ALEKSEY  SEREBRYAKOV
ALEX  BRENDEMUHL
ALEX  CORD
ALEX FROST
ALEX  KINGSTON
ALEX  NORTON
ALEX REID
ALEX  WINTER
ALEXA PENAVEGA	
ALEXANDER  PROVOOST	
ALEXANDER  SKARSGARD
ALEXANDRA  HOLDEN		
ALEXANDRA LAMY
ALEXANDRA PAUL
ALEXIA  FAST
ALEXIS BLEDEL
ALEXIS  KNAPP
ALEXIS  MARTIN
ALFONSO  ROJAS
ALFRED  MOLINA
ALFREDO  CASTRO	
ALI   LARTER
ALICE DE LENCQUESAING
ALICE TAGLIONI
ALIDA  VALLI 
ALISON  BRIE
ALLAN  CORDUNER
ALLY  SHEEDY
ALONA  TAL						
ALVARO  VITALI
ALVIN  ANSON
ALYSSA MILANO
AMACHI SHIGERU (SHIGERU  AMACHI)
AMAIA  SALAMANCA
AMALRIC MATHIEU	
AMANDA  BYNES
AMANDA  PEET					
AMANDA  PLUMMER
AMANDA  SEYFRIED
AMANDA  TAPPING
AMAURY NOLASCO
AMBER  BENSON
AMBER  HEARD
AMELIA  KINKADE	
AMI  WEINBERG
AMIRA CASAR
AMITABH  BACHCHAN
AMY  ADAMS
AMY  MATYSO
AMY  SEIMETZ
AMY SMART
ANAIS  DEMOUSTIER
ANANDA  EVERINGHAM
ANDERS  BAASMO CHRISTIANSEN
ANDERS BERTHELSEN
ANDERSSON  HARRIET
ANDIE  MAC DOWELL
ANDO NOBURU
ANDRE  DUSSOLIER
ANDRE  HENNIKE
ANDRE MELANCON
ANDRE MORELL
ANDRE  OUMANSKI
ANDRE  RAMIRO
ANDRE  SZYMANSKI
ANDRE  WILLMS
ANDREA FERREOL
ANDREA MARTIN
ANDREA  ROTH
ANDREA TIDONA
ANDREAS  LUST 
ANDREAS  PIETSCHMANN
ANDREW  AIRLIE
ANDREW DIVOFF
ANDREWS  EDWARD
ANDREW MC CARTHY
ANDREW  PRINE
ANDREW  SCOTT
ANDREWS  JULIE
ANDREY  MERZLIKIN
ANDY DICK
ANDY GARCIA
ANDY NYMAN
ANDY WHITFIELD
ANEMONE
ANEMONE  VALCKE
ANGELA  BABY
ANGELICA LEE SIN JE
ANGELICA HUSTON	
ANGELINA JOLIE
ANNA CHLUMSKY
ANNA FARIS
ANNA  GUNN
ANNA KARINA
ANNA KENDRICK
ANNA MAGNANI
ANNA MOUGLALIS
ANNA  PAQUIN
ANNASOPHIA ROBB
ANNE BANCROFT
ANNE BROCHET
ANNE  CONSIGNY
ANNE DORVAL
ANNE HATAWAY
ANNE HECHE
ANNE LE NY
ANNE LOIRET
ANNE PARILLAUD
ANNE RICHARD
ANNE VERNON
ANNICK ALANE
ANNIE GIRARDOT
ANNY  DUPEREY
ANOUK AIMEE
ANTONIO  DE  LA  TORRE
ANTHONY  ANDERSON
ANTHONY  ASHBEE
ANTHONY  HEAD
ANTHONY HOPKINS
ANTHONY  LAPAGLIA
ANTHONY  LEMKE
ANTHONY MACKIE
ANTHONY  MICHAEL  HALL
ANTHONY PERKINS
ANTHONY  QUAYLE
ANTHONY  QUINN
ANTHONY  STEFFEN
ANTHONY WONG  CHAU  SANG
ANTOINE DULERY
ANTONIA  CAMPBELL HUGHES
ANTONIO  DE  LA  TORRE
ANTONIO  FARGAS
ANTONIO  MAYANS
ANTONIO SABATO
ANTTI  REINI
ANYA  LAHIRI
ARDITI  PIERRE 
ARIANE ASCARIDE
ARIAUNA ALBRIGHT
ARIEL  MATELUNA
ARIELLE DOMBASLES
ARIELLE  KEBBEL
ARJUN  KAPOOR
ARLETTY
ARMAND ASSANTE
ARMELLE DEUTSCH
ARMIN  ROHDE 
ARNAUD  GIOVANETTI  
ARQUETTE ROSANNA ET PATRICIA et DAVID ET ALEXIS									
ARSINEE KHANJIAN
ART  HINDLE
ARTHUR  DUPONT
ARTHUR  KENNEDY
ARTURO  GOETZ
ARUNA  SHIELDS
ASAMI
ASANO TADANOBU	
ASAO  KOIKE
ASHIKAWA MAKOTO  
ASHLEY  GREENE
ASHLEY JUDD
ASHLEY  MAC CARTHY    	
ASHLEY  MARTIN
ASHLEY  OLSEN
ASHLEY  RICKARDS
ASHLEY  TISDALE
ASHLYNN  ROSS 
ASHLYNN  YENNIE
ASIA ARGENTO
ASO KUMIKO
ASTRID  VEILLON
ATHERTON   MATTHEW			
ATKINSON ROWAN
AUCLAIR MICHEL
AUDIE  MURPHY
AUDREY  DANA
AUDREY  HEPBURN
AUDREY  LAMY
AUDREY TAUTOU			
AUGUST  DIEHL
AUNJANUE  ELIIS
AURE ATTICA
AURELIEN  RECOING
AURELIEN  WIIK
AURORE CLEMENT
AUSTIN WAI TIN CHI
AVA  GARDNER
AYA UETO
				

BAI  LING
BAISHO  MITSUKO
BALDWIN  adam
BALDWIN  A  MICHAEL
BALDWIN alec
BALDWIN daniel
BALDWIN WILLIAM
BANDERAS
BANKS  JOHNATAN
BARBARA  HERSHEY
BARBARA  SARAFIAN
BARBARA  STANWICK
BARRY  ATSMA 
BARRY  CORBIN
BARRY  JONES
BARRY  SHABAKA HENLEY
BASIL  RATHBONE
BEART  emmanuelle
BEATRICE  DALLE
BEAU  BRIDGES
BEHR  JASON
BELA  LUGOSI
BELL JAMIE	
BELMONDO
BELUSHI   JAMES
BEN AFFLECK
BEN CHAPLIN
BEN  CROSS
BEN  GAZZARA
BEN JOHNSON						
BEN KINGSLEY				
BEN STILLER
BEN WILKINSON
BENICIO EL TORO
BENITO MARTINEZ
BENJAMIN  SADLER
BENNO  FURMANN 
BENOIT  MAGIMEL		
BENOIT POELVOORDE	
BENZ  JULIE
BERENICE  BEJOT
BERNADETTE  HEERWAGEN
BERNADETTE  LAFOND
BERNARD BLANCAN 
BERNARD  BLIER
BERNARD  CAMPAN
BERNARD  DHERAN  
BERNARD  FRESSON
BERNARD  LECOQ
BERNARD  MENEZ
BERNARD  MUSSON	
ERNARD PIERRE DONADIEU  (DONADIEU  BERNARD PIERRE)
BERRY  RICHARD
BETSY PALMER
BETTE DAVIES
BIBIANA  BEGLAU
BIEL  JESSICA
BILL  HADER
BILL  LAKE
BILL MOSELEY
BILL MURRAY
BILL OBERST (OBERST   BILL)
BILL  PAXTON
BILL PULLMAN				
BILLY BOB THORNTON
BILLY BURKE
BILLY  CONELLY
BILLY  CRYSTAL
BILLY DRAGO
BILLY ZANE
BIN  WO
BING  CROSBY
BINOCHE JULIETTE
BIYOUNA
BLAKE  ANDERSON
BLANCA   LEWIN
BO  HOPKINS			
BO  LIN  CHEN
BOB  HOSKINS
BOBBY  HOSEA
BOGDAN DIKLIC 
BOGDAN  STUPKA
BOHRINGER RICHARD
BOISSELIER  JULIEN
BOJANA NOVAKOVIV  (NOVAKOVIC  BOJANA)
BONNAIRE    SANDRINE  
BONNIE  HUNT
BORIS  KARLOFF
BORYS  SZYC
BOTI  BLISS
BOURVIL
BRAD DOURIF
BRAD GREENQUIST
BRAD  HARRIS
BRAD HUNT
BRAD  JOHNSON
BRAD  MC  MURRAY				
BRAD PITT
BRAD RENFRO
BRADLEY  COOPER
BRANDON  AURET
BRANDY LEDFORD
BREL  JACQUES
BRENDA SONG
BRENDAN  FERH				
BRENDAN  FRASER
BRENDAN  GLEESON
BRENT  HUFF
BRETT HASLEY
BRETT KELLY
BRIALY J C
BRIAN COX
BRIAN  DENNEHY
BRIAN  DONLEVY	
BRIAN  GLOVER
BRIAN J WHITE		
BRIAN KRAUSE
BRICK BRONSKY
BRIGITTE BARDOT
BRIGITTE  FOSSEY
BRIGITTE   MIRA	
BRIGITTE NIELSEN  (NIELSEN  BRIGITTE )	
BRITANY DANIEL	
BRITANY MURPHY
BRITT  ROBERSON
BRODERICK  CRAWFORD
BROLIN JOSH
BRONTIS JODOROWSKY
BRUCE  BOXLEITNER
BRUCE CAMPBELL
BRUCE  DAVISSON
BRUCE DERN
BRUCE  GLOVER
BRUCE  GREENWOOD
BRUCE LEE  
BRUCE  PAYNE
BRUCE WILLIS      	
BRUNO  BARNABE
BRUNO  CREMER
BRUNO  GANZ
BRUNO  HENRY
BRUNO  LOCHET	
BRUNO PODALYDES  (PODALYDES  BRUNO ET DENIS)
BRUNO  TODESHINI
BRUNO  WOLKOWITCH
BRYCE JOHNSSON
BRYNDIS  GUNNLAUGSDOTTIR
BUBBA SMITH
BULLE OGIER   (OGIER   BULLE)
BULLOK   SANDRA 
BURIC  ZLATO
BURT  LANCASTER
BURT REYNOLDS
BUSEY  GARY
BUSEY JACK		

C THOMAS  HOWELL 
CAAN JAMES
CAGNEY  JAMES
CAITLIN WACHS
CAMERON  DADDO
CAMERON DIAZ
CAMERON  MITCHELL
CAMILLA BELLE
CAMPBELL  SCOTT
CANDICE  MOON
CARICE VANHOUTEN
CARLA  CASSOLA
CARLO  TAMBERLANI  
CARMEN  ELEKTRA
CARMEN MAURA
CAROLE BOUQUET
CAROLE  LAURE
CAROLE  LOMBARD
CAROLINE  DHAVERNAS
CAROLINE MUNRO
CAROLINE  WILLIAMS
CARRADINE   DAVID  
CARRADINE  JOHN 
CARRADINE   KEITH
CARRADINE  ROBERT		
CARRE ISABELLE
CARSON  AUNE
CARTON  PAULINE
CARY ELWES
CASPER VAN DIEN
CASSAVETES  JOHN
CASSI  THOMSON
CASSIDY JOHANA
CASSIE  KYLE
CASSIE  SCERBO (Scerbo cassie)
CATE BLANCHETT
CATHERINE  BELL
CATHERINE DENEUVE
CATHERINE FROT
CATHERINE JACOB
CATHERINE SUTHERLAND
CATHERINE ZETA JONES
CECILE  CASSEL
CECILE DE France
CECILE  BOIS				
CELINE  BONNIER
CELINE  SALETTE
CERINA  VINCENT
CHAIMONGKOL SUPAKSON  (SUPAKSON  CHAIMONGKOL)
CHANCELLOR  MILLER
CHANDLER  JEFF
CHANDRA WEST
CHANNIG  TATUM
CHARITY  SHEA
CHARLENE  CHOI
CHARLES  BAKER
CHARLES BERLING
CHARLES  BOYER
CHARLES  BRONSON
CHARLES  COBURN
CHARLES  DANCE
CHARLES DENNER
CHARLES DRAKE
CHARLES  EDWIN  POWELL
CHARLES GERARD
CHARLES  GRAY
CHARLES HALFORD
CHARLES  KEMPER
CHARLES  LAUGHTON
CHARLES NAPIER  (NAPIER  CHARLES)
CHARLES  S  DUTTON
CHARLES  VANEL
CHARLIE CHAPLIN
CHARLIE  MC  DERMOTT
CHARLIE SHEEN   (SHEEN   CHARLIE)
CHARLIE  TRAIRAT
CHARLITA
CHARLIZE THERON
CHARLOTS

CHARLOTTE GAINSBOURG
CHARLOTTE RAMPLING
CHARLOTTE  SALT
CHARLTON HESTON	
CHATCHAI  PLENGPANICH
CHEECH MARIN
CHELAN  SIMMONS
CHEN  CHAN
CHEON HO JIN
CHEUNG TAT MING
CHEVALIER  MAURICE
CHEVY CHASE
CHIA  HUI  LIU
CHIA YUNG LIU
CHIARA	   MASTROIANI
CHIARA  SANI
CHIEKO NAKAKITA (NAKAKITA  CHIEKO)
CHIN YUET SANG
CHING  WAN  LAU
CHLOE GRACE MORETZ
CHLOE  SEVIGNY
CHOW YUN FAT		
CHRIS  CARMACK
CHRIS  COPPOLA
CHRIS  EVANS
CHRIS FERRY
CHRIS  PINE
CHRIS ROCK
CHRIS  SARANDON
CHRIS  WILSON
CHRISTELLE  CORNIL
CHRISTIAN BALE
CHRISTIAN  CAMPBELL
CHRISTIAN  CLAVIER
CHRISTIAN KANE
CHRISTIAN  REDL
CHRISTIAN  SLATER
CHRISTIANE HORBIGER
CHRISTINA RICCI
CHRISTINE BOISSON
CHRISTINE  BOTOMLEY
CHRISTINE CHATELAIN
CHRISTINE  CITTI
CHRISTINE KAUFFMAN
CHRISTOPHE  BOURSEILLER
CHRISTOPHE    LAMBERT
CHRISTOPHE  MALAVOY
CHRISTOPHER  ATKINS
CHRISTOPHER  CORDELL
CHRISTOPHER  DENHAM
CHRISTOPHER ECCLESTON
CHRISTOPHER  KRIESA
CHRISTOPHER LEE
CHRISTOPHER LLOYD
CHRISTOPHER MAC DONALD		
CHRISTOPHER  MELONI
CHRISTOPHER  NEAME  (NEAME CHRISTOPHER )
CHRISTOPHER PLUMMER			.	
CHRISTOPHER REEVES
CHRISTOPHER RYDELL
CHRISTOPHER WALKEN
CHRISTY  CARLSON ROMANO
CHUCK NORRIS   (NORRIS  CHUCK )
CIARAN  HINDS
CILLIAN MURPHY
CINDY  SAMPSON 
CLAIRE  BLOOM
CLAIRE  BOROTRA
CLAIRE  KEIM
CLARA  COLISSIMO
CLARA  VODA
CLARK  GABLE
CLAUDE  AKINS
CLAUDE  BERRI
CLAUDE BRASSEUR
CLAUDE  CERVAL
CLAUDE  DAUPHIN
CLAUDE LEGAULT    
CLAUDIA CARDINALE
CLAUDIA  JURT			
CLAYTON  ROHNER
CLE BENETT
CLEESE JOHN
CLEMENTINE  CELARIE
CLIFF  CURTIS
CLIFF ROBERTSON
CLINT EASTWOOD
CLINT HOWARD
CLIVE OWEN
CLOTILDE HESME
CLOVIS  CORNILLAC
COLE HAUSER
COLEEN CAMP
COLEEN  GRAY
COLIN FARREL
COLIN FIRTH
COLIN  HANKS
COLLIN  CHOU
COLM  MEANEY
COLUCHE
CONAN  LEE
CONNIE NIELSEN  (NIELSEN    CONNIE )
CONSTANTIN FLORESCU
COOLIO
CORBIN   BERNSEN
COREY FELDMAN
COREY  PAGE
CORIN NEMEC (NEMEC CORIN)
CORINNA  HARFOUCH
CORINNE  TOUZET
CORNEL  WILDE
CORY  CASSISY
COSIMO CINIERI
COSTAS    MANDYLOR
COURBEY  JULIEN
COURTENEY  COX
COURTNEY  HALVERSON
CRAIG HALL
CRAIG  HILL
CRAIG SHEFFER
CRAWFORD  JOAN
CRYSTAL LOWE
CUBA GOODING
CURD  JURGENS
CURTIS  MORGAN
CUSACK   CYRIL
CUSAK JOHN
CYNTHIA  GIBB
CYNTHIA  KHAN
CYNTHIA  PRESTON
CYNTHIA  ROTHROCK
CYNTHIA   STEVENSON
CYRIL CUSACK (CUSACK   CYRIL)
CYRIL  LECOMTE 
CYRYLLE RAFAELLI (RAFAELLI  CYRYLLE)
CYRILLE THOUVENIN



DAISUKE  KATO
DAKOTA  FANNING
DAL-SU  HO
DALE  ROBERTSON
DALLAS  ROBERTS
DAMIEN  RICHARSON
DAMON   MATT
DAMON  WAYANS (WAYANS DAMON) 
DAN AYKROYD
DAN  CHUPPONG
DAN  GAUTHIER 
DAN  SNOW
DAN  SOUTHWORTH
DANA  ANDREWS
DANA  ASHBROOK
DANE DEHAAN
DANIEL AUTEUIL
DANIEL BRUHL
DANIEL  CALTAGIRONE
DANIEL  CECCALDI
DANIEL CRAIG
DANIEL DAY LEWIS
DANIEL GELIN  (GELIN  DANIEL)
DANIEL  GILLIES
DANIEL  KRUSE  
DANIEL  PREVOST
DANIEL RADCLIFFE
DANIEL  RUSSO
DANIEL  SHERMAN
DANIEL  STERN
DANIEL VALENZUELA
DANIEL WU 
DANIELA ALONSO
DANIELLE DARRIEUX
DANIELLE  HARRIS
DANIELLE  LEBRUN					
DANIELLE  LOTTI
DANIELLE PANABAKER
DANY   DYER
DANY GLOVER
DANY  KAYE
DANY  KEOGH
DANY  TREJO 
DAPHNE  ZUNIGA
DARCY ROSE BYRNES
DAROUSSIN. JEAN PIERRE
DARREN  EWING 
DARRIN  DICKERSON
DARROW  IGUS
DARRY  COWL
DAVE  FOLEY
DAVIS  ALPAY
DAVID ARGUE
DAVID ARQUETTE
DAVID  BOWIE
DAVID  BRANDON
DAVID  CHISUM
DAVID  CHOKACHI
DAVID  CLENNON
DAVID  CROSS
DAVID  DELUISE
DAVID  DENCIK
DAVID DUCHOVNY
DAVID  FLYNN
DAVID  HASSELHOF
DAVID HEMMINGS
DAVID  HESS
DAVID HEWLETT
DAVID  JANSEN
DAVID KEITH  (KEITH  DAVID)
DAVID LAHAYE
DAVID  LEWIS
DAVID  MILLBERN
DAVID  MORRISSEY
DAVID MORSE
DAVID NIELSEN (NIELSEN  LESLIE  DAVID )
DAVID	NIVEN  (NIVEN  DAVID)
DAVID NO  (NO  DAVID )
DAVID OYELOWO (OYELOWO DAVID)
DAVID WARBECK
DAVID WARNER
DAVID  WU (WU DAVID)
DAVIES JEREMY
DAVINA  JOY
D B SWEENEY
DEAN  CAIN
DEAN  CAMERON
DEAN  COCHRAN
DEAN  JONES
DEAN  MAC  DERMOTT
DEAN  REDMAN
DEAN STOCKWELL
DEBBY  RYAN
DEBELLO  JAMES
DEBORAH  FRANCOIS
DEBORAH  KERR
DEBRA MAYER
DEBRA  PAGET
DEBRA WINGER
DEE WALLACE (STONE)
DE FUNES
DELPHINE SEYRIG
DEMI MOORE
DE NIRO    
DENIS  BOUTSIKARIS
DENIS PODALYDES  (PODALYDES  BRUNO ET DENIS)
DENIS  CHAN (kwok san)
DENIS CHRISTOPHER
DENIS  HOPPER
DENIS  LAVANT
DENIS O’KEEFE (O’KEEFE DENIS)
DENIS  QUAID
DENIS WEAVER
DENNIS  CUBIC
DENNIS  PRICE
DENZEL WASHINGTON
DEPARDIEU  JULIE
DEPP   JOHNNY	
DEREK RICHARDSON
DERRICK  DE MARNEY
DEUTSH  LORANT
DEV  PATEL
DEVIN  RATRAY
DEVIN  REEVE   
DEVON SAWA
DIANA  FLAHERTY
DIANA  MULDAUR
DIANA  PENALVER
DIANA  SCARWID
DIANE  BAKER
DIANE  KEATON
DIANE  KRUGER
DIANE  LANE
DIANE  SALINGER
DICK MILLER
DICK POWELL
DICAPRIO
DIDIER  BEZACE
DIDIER  FLAMAND
DIDIER  PAIN
DIEDRICH  BADER
DIEGO LUNA
DIEUDONNE
DMITRY  KUBASOV	
DINA  MEYER
DINARA  DRUKAROVA
DIOGO DORIA
DIORA   BAIRD
DIRK  MARTENS
DIVINE
DJAMEL DEBOUZZE
DO-YEON  JEON
DOLPH LUNDGREN
DOMINIC  COOPER
DOMINIQUE  BLANC
DOMINIQUE  PINON
DOMMIZIANO  ARCHANGELI
DOMINIC   PURCELL
DON (the dragon) WILSON
DON  AMECHE
DON  JOHNSON
DON  MC  MANUS
DON  SCRIBNER
DONADIEU  BERNARD PIERRE
DONALD  CRISP
DONALD PLEASANCE
DONALD SUTHERLAND
DONG WOOK KIM
DONNIE YEN
DORIS  ROBERTS
DOROTHY  MALONE
DOUG  BRADLEY
DOUG  COLE	
DOUG  MAC CLURE
DOUGAS  SILVA
DOUGLAS  FAIRBANKS
DOUGLAS SPENCER
DOUGRAY SCOTT
DRAGOS  BUCUR
DREW BARRYMORE
DUDLEY  MOORE
DUHAMEL  JOSH
DUJARDIN JEAN
DUNCAN FRASER
DUNCAN REGEHR
D’URVILLE MARTIN
DUSTIN HOFFMAN								
DUTRONC  JACQUES
DYLAN  JONES
DYLAN  MAC DERMOTT
DYLAN  NEAL   (voir neal dylan)




 EEEEEEEEEEEEEEEEEEEEEE
ED HARRIS
ED  LAUTER
ED QUINN
ED  WYNN
EDDIE  CONTANTINE
EDIE  FALCO
EDDIE  GRIFIN
EDDIE  JONES
EDDIE KAY THOMAS
EDDIE MARSAN
EDDIE  MURPHY
EDISON CHEN
EDITH SCOB
EDMOND  ARDISSON
EDOUARD BAER
EDUARDO NORIEGA  (NORIEGA  EDUARDO)
EDURAD  FERNANDEZ
EDWARD  ANDREWS   (ANDREWS  EDWARD)
EDWARD    BURNS 
EDWARD DE SOUZA 
EDWARD FURLONG
EDWARD  HERRMANN
EDWARD G ROBINSON
EDWARD  HOGG
EDWARD  NORTON  '(NORTON  EDWARD )
EDWIGE  FENECH
EFRON  INES 
EIJI OKADA  (OKADA  EIJI)
EKIN  CHENG
ELAINE  JIN
ELBA  IDRIS  
ELBE   PASCAL   
ELENA ANAYA
ELIAS KOTEAS
ELIE  SEMOUN
ELIJAH WOOD
ELIO  GERMANO
ELISA  TOUFEXIS
ELISABETH   BANKS
ELISABETH OLSEN (OLSEN ELISABETH)
ELISABETH  REASER
ELISABETH  ROHM
ELISABETH  SELLARS
ELISABETH  SHUE			
ELISABETH  TAYLOR
ELISHA   CUTHBERT
ELLA JOYCE
ELLEN  BURSTYN
ELLEN PAGE
ELLIOT  GOULD
ELODIE  BOUCHEZ
ELODIE  YUNG
ELOISE  MUMFORD
ELVIS TSUI KAM KONG
ELSA ZYLBERSTEIN
ELZBIETA  CZYZEWSKA 
EMBETH  DAVIDTZ
EMILIA  FOX
EMILIE DUQUESNES
EMILIO ESTEVES
EMILY  BLUNT
EMILY BOOTH
EMILY  OSMENT
EMILY  WATSON
EMMA  CAUFIELD
EMMA DECAUSNES
EMMA  LUNG
EMMA  SAMMS
EMMA  THOMSON
EMMANUELL  AUGER  
EMMANUEL MOURRET
EMMANUELLE  BEART  (BEART  emmanuelle)
EMMANUELLE  BERCOT
EMMANUELLE  CERMAN
EMMANUELLE  DEVOS
EMMANUELLE VAUGIER
EMOTO AKIRA
ENDO  KENICHI
ENGIN  ALTAN  DUZYATAN
ENNIO  GIROLAMI
EOM  JEONG  HWA
ERCAN  KESAL
ERDAL BESIKCIOGLU
ERI   FUKATSU
ERI OTOGURO  (OTOGURO  ERI)
ERIC BALFOUR 
ERIC  BANA
ERIC CANTONA et  JOEL
ERIC  CARACAVA
ERIC  CHRISTIAN OLSEN
ERIC DANE
ERIC  EBOUANEY
ERIC  ELMOSNINO
ERIC  ET  RAMZY
ERIC  JOHNSON
ERIC  LAUGERIAS
ERIC  MC  CORMACK
ERIC  MARKUS  SHUETZ
ERIC  REITZ
ERIC  ROBERTS
ERIC  SAVIN
ERIC  STOLTZ
ERIC TSANG
ERIC VIELLARD
ERICA  LEEHRSEN
ERICH  VON STROHEIM
ERIKA  SAWAJIRI   
ERIN  CAHILL
ERLAND  JOSEPHSON 
ERNEST  BORGNINE
ERNO  CRISA 
ERROL  FLYNN
ERWIN LEDER
ESTELLA  WARREN
ETHAN EMBRY
ETHAN  HAWKE
EUGENE  LEVY
EUN  JEONG HAM
EUN  JUNG HA
EUN  SEO  WOO
EVA GREEN
EVA  LONGORIA
EVA  MENDES
EVAN RACHEL WOOD
EVE  MAURO
EVELYNE  BROCHU
EVGENY  TKACHUK
EWAN  MAC GREGOR



							FFFFFFFFFFFFFFFFFFFFF
FABIO  TESTI
FABRICE  LUCHINI
FAN Bing Bing
FAN   LIAO
FANNY VALETTE
FARAHANI GOLSHIFTEH  (GOLSHIFTEH  FARAHANI)
FARES FARES
FARLEY  GRANGER
FAYE  DUNAWAY
FERH ODED  (ODED  FERH)
FELE  MARTINEZ
FELICITY HUFFMAN
FELICITY JONES
FENYO   IVAN  
FEODOR   ATKINE
FERCH   HEINO 
FERNANDA  ROMERO
FERNANDEL  
FERRER  MEL
FERREIRA  LOUIS  	
FESS PARKER
FESSENDEN LARRY
FIENNES JOSEPH et ralph
FILIP  PEETERS
FIONA  GORDON
FISHBURNE    LAURENCE
FLEMMYNG JASON
FLORENCE GUERIN
FLORENCE  LOIRET  CAILLE
FLORENCE  MULLER
FLORENCE  PERNEL
FLORENCE THOMASSIN
FOREST WHITAKER
FOSTER  MEG  
FOX  MATTHEW
FOX  MICHAEL
FRAN  KRANZ
FRANCA  STOPPI
FRANCES MC DORMAND
FRANCESCA  ANNIS
FRANCIS  BLANCHE
FRANCIS NG
FRANCIS  PERRIN
FRANCISZEK  PIECZKA
FRANCISCO  RABAL
FRANCK   DUBOSC
FRANCO  CITTI
FRANCO  NERO
FRANCOIS BERLEAND
FRANCOIS CLUZET
FRANCOIS DAMIENS
FRANCOIS DEBORAH  (DEBORAH  FRANCOIS)
FRANCOIS  MARTHOURET
FRANCOIS MOREL
FRANCOIS NEGRET
FRANCOIS PERIER
FRANCOIS XAVIER DEMAISON
FRANCOISE  DORLEAC
FRANCOISE  LEBRUN
FRANCOISE  MICHAUD
FRANCOISE  ROSAY  (ROSAY  FRANCOISE)
FRANK  SILVERA
FRANCK  GRILLO
FRANCK  LATIMORE
FRANCK  LEBOEUF
FRANCK  RIDLEY
FRANCK  SINATRA
FRANCK  THIEL
FRANCK  WILCOX
FRANKA POTENTE
FRANKIE  MUNIZ
FRANKIE PAIN
FRASER LAURA
FRED  ASTAIRE
FRED  CLARK
FRED  TESTOT
FRED WARD
FREDDIE HIGHMORE
FREDDIE  JONES
FREDERIC  DIEFENTHAL
FREDERIC DORKEL
FREDERIC  SAUREL
FREDERIC  LAU
FREDERIC SCHMITT
FREDERIC VAN DEN DRIIESSCHE
FREDERICK  LAU
FREDRIC  MARCH
FREDERICO   LUPPI
FREEMAN  MARTIN
FREISS    STEPHANE
FRENCH   STEWART
FREWER   MATT   

GABIN  
GABRIEL BYRNE
GABRIELLE  ANWAR
GABRIELLE  DENNIS
GABRIELLE ROSE
GABRIELLE  UNION
GABY  HOFFMAN
GABY  MORLAY
GAD   ELMALEH
GAD  JOSH  
GAEL GARCIA  BERNAL
GAGE  KEVIN
GAIL  O’  GRADY
GALABRU
GALAMELA  LAGRA
GALLAGER  PATRICK  
GALLI   IDA  
GAMBLE  KEN  
GAMBLIN  jacques
GANDOLFINI  JAMES  
GANTZLER  PETER
GARLAND    JUDY
GARY  BUSEY  (BUSEY  GARY)
GARY  COOPER
GARY  DANIELS
GARY  GRANT
GARY  LEWIS
GARY  LOCKWOOD
GARY OLDMAN
GARY  SWEET
GARY  WEEKS
GASTON LEPAGE
GASTON PAULS
GAYET   JULIE  
GE  YOU
GEERT  VAN  RAMPELBERG
GELIN  DANIEL
GENA   ROWLANDS
GENE  BARRY
GENE   EVANS
GENE HACKMAN
GENE  KELLY
GENE  WILDER
GENEST  VERONIQUE
GENEVIEVE  BUJOLD
GENEVIEVE  CASILE
GENO  LECHNER
GEOFF   BELL
GEOFF   MEED
GEOFF  REVELL
GEOFF STULTS
GEOFFREY  KEEN
GEOFFREY  RUSH
GEORG  FIEDRICH
GEORGE  ALEXANDER
GEORGE BANCROFT
GEORGE  BUCK  FLOWERS
GEORGE C SCOTT
GEORGE CLOONEY
GEORGE  CORRAFACE
GEORGE EASTMAN
GEORGE KENNEDY
GEORGE  LOPEZ
GEORGE MAC READY
GEORGE  MAC KAY
GEORGE  MARCHAL
GEORGE	 MONTILLIERS
GEORGE  NADER
GEORGE  PEPPARD
GEORGE  SANDERS
GEORGE  SEAGAL
GEORGE  WALLACE
GEORGE  WENDT
GEORGIA  GROOME
GERALD  LAROCHE
GERALDINE  CHAPLIN
GERALDINE PAILHAS
GERARD  ANTOINE  HUARD
GERARD  BARRAY
GERARD BUTTLER
GERARD  DARMON
GERARD DEPARDIEU	
GERARD JUGNOT	
GERARD  KEARNS			
GERARD LANVIN
GERARD MAC SORLEY
GERARD  PHILLIPE
GERARD  ANTOINE  HUARD
GERARDO  TARACENA
GERMAIN  HOUDE
GIAMATTI  PAUL
GIAN  MARIA  VOLONTE
GIANFELICE  IMPARATO
GIBSON  MEL
GIL  BIRMINGHAM
GILBERT  MELKI
GILLAIN  MARIE
GILLES   LELOUCHE
GILLIAN  BARBER
GINA  HOLDEN
GINA  LOLOBRIGIDA
GINA  MCKEE
GINETTE  LECLERC
GINGER  RODGERS
GINO  CERVI
GIORGIA  MOLL
GIORGIOS FOUNDAS
GIOVANNA  MEZZOGIORNO
GIOVANNA  RALLI
GIRARDOT  HYPOLLYTE
GIRAUDEAU BERNARD
GIRAUDEAU  SARA
GIULIANO  GEMMA
GLEESON  JACK
GLEN  HANSART
GLENN CLOSE
GLENN  FORD
GLENN  PLUMMER
GLENN  SCOTT 
GLORIA  STUART
GLORIA  SWANSON
GLOVER  JULIAN
GO  KATO
GODBRECHE JUDITH
GOLDBLUM     JEFF
GOL  GHOTAI
GOLSHIFTEH  FARAHANI
GOMEZ   MACARENA
GOMEZ   SELENA 
GONCALVES   MANUEL
GONG LI
GORDON CURRIE
GORDON  JACKSON
GORDON LEWITT JOSEPH
GORDON  MITCHELL
GOTZ  OTTO
GOYA  TOLEDO
GRACE  HUANG
GRAHAM  GREEN
GRAHAM  STEPHEN  
GRANGER   STEWART  
GRANDPERRET  PATRICK  
GRANT   HUGH 
GREG  BRYK
GREG CIPES
GREG  EVIGAN
GREG  GRUNBERG
GREG HENRY
GREG  KINEAR
GREG MELVILL SMITH
GREG  WISE
GREGOIRE ASLAN
GREGOIRE  COLIN
GREGOIRE  LEPRINCE RINGUET
GREGORY  GADEBOIS
GREGORY  HLADY
GREGORY PASCAL
GREGORY  PECK
GREGORY LEE KENYON
GRETA GERWIG
GRETCHEN  MOL
GREY  SASHA  
GRIER PAM
GRONDIN MARC ANDRE
GU SEO GYEONG (SEO GYEONG GU)
GUGU MBATHA-RAW
GUILLAUME CANET
GUILLAUME  GALLIENE
GUILLAUME  GOUIX
GUILLAUME  SAURREL
GUILLERMO  TOLEDO
GUITRY  SACHA
GUNNAR  HANSEN
GUNTHER KAUFMAN
GUS  MERCURIO
GUSTAVO SANCHEZ PARRA
GUTIERREZ  JAVIER
GUTTENBERG  STEVE  
GUY PEARCE	
GUY  PROVOST
GUY STOCKWELL
GYUN SHIN  EUN (SHIN  EUN GYUN)


HA JI WON
HAFSIA  HERZI
HALLE  BERRY
HALUK  BILGINER
HAN SEOK KYU
HANNA  BINKE
HANNA  SCHYGULLA
HANNAH  HERZSPRUNG
HANNES  JAENICKE
HANS  WERNER  MEYER
HANS  UWE  BAUER
HANSEN GUNNAR  (GUNNAR  HANSEN)
HAO  QIN
HARDY  KRUGER
HARMONY  BLOSSON
HARRIET  ANDERSON(ANDERSSON  HARRIET)
HARRISON FORD
HARRIS NEIL  PATRICK (NEIL  PATRICK  HARRIS)
HARRIS  WOOD  (WOOD  HARRIS)
HARRY  BELAFONTE							 
HARRY  DEAN  STANTON
HARRY HAMLIN	
HARVEY KEITEL
HAYDEN  PANETTIERES
HAYDEN STERLING  '(STERLING  HAYDEN)
HAYLEY  KIYOKO
HAYLEY  MILLS
HAYLIE  DUFF
HEATH    LEDGER	
HEATHER    GRAHAM
HELEN  HUNT
HELEN MIRREN
HELENE DE FOUGEROLLES
HELENE  DE SAINT  PIERRE	
HENRI  CSERNY
HENRI  FONDA
HENRI GARAT
HENRI  VIRLOJEUX
HENRY  JOOST
HENRY  SILVA
HENRY  YUK
HEE SEO  YEONG (SEO  YEONG HEE)
HEO JUN HO
HERBERT  KNAUP			
HERBERT LOM
HERMIONE NORRIS  (NORRIS    HERMIONE ) 
HERNANDEZ     JAY
HETRAKUL DOM		
HIAM  ABASS		
HIDEAKI  ITO
HIDEJI OTAKI  (OTAKI HIDEJI)
HIDETOSHI NISHIJIMA   (NISHIJIMA   HIDETOSHI)
HILARY DUFF
HILARY  SWANK
HILDEGARD     KNEF
HINAKO SAEKI  (SAEKI  HINAKO)
HIRAM  BLEETMAN
HIROAKI  KAWATSURE
HIROSHI  ABE
HO  BIN  JEON
HO  JIN  CHUN
HOLLY HUNTER
HONG JAMES
HONOR  BLACKMAN
HORST  SACHTLEBEN
HOTARU Yukijiro
HOWARD  DUFF
HOWARD  HESSEMAN
HOWARD  VERNON
HRISTO  MITZKOV		
HU  JUN
HUBERT  DESCHAMPS
HUGH GRANT  (GRANT   HUGH )				
HUGH JACKMAN
HUGO  SILVA
HUMPHREY  BOGART
HYEON  SOOK  KIM
HYPOLLYTE GIRARDOT  (GIRARDOT  HYPOLLYTE)
			
			 


IIIIIIIIIIIIIIIIII
IAM  HOLM	
IAN  HENDRY
IAN  MC CULLOCH
ICE CUBE
ICHIKAWA  RAIZO
IDA GALLI  (GALLI   IDA )
IDA  LUPINO
IDRISSA  DIABATE
IGAWA  ISASHI
IGAWA TOGO  (TOGO  IGAWA)
IGUS DARROW (DARROW  IGUS)
IKO  UWAIS
INCONNUS  
INGEBORG  WESTPHAL
INGRID  BERGMAN
INGRID  BOLSO  BERDAL
INGVAR  EGGERT  SIGUROSSONM
IIRANDHIR  SANTOS
IRENE GRANDADAM  
IRENE  JACOB
IRENE MIRACLE
IRENE MONTALA
IRMA P HALLE
IRRFAN  KHAN
ISAAC DE BANKOLE
ISABELLA  RAGONESE
ISABELLA  ROSSELINI  '(ROSSELINI  ISABELLA )
ISABELLE  ADJANI (ADJANI  ISABELLE)
ISABELLE DE HERTHOGH
ISABELLE   GUERARD	
ISABELLE  HUPPERT
ISABELLE RENAULD (RENAULD ISABELLE)
ISAIAH  WAGHINSTON
ISAMU SUGIHARA (SUGIHARA  ISAMU)
ISAO  KIMURA
ISAO NATSUYAGI  (NATSUYAGI  ISAO)
ISLID LE BESCO
ITAO  ITSUJI
IVAILO  GERASKOW
IVAN RASSIMOV
IVAN  SERGEI
IVET   COREA
IVO  CANELAS
IVO  GARRANI
IZABELLA  MIKO

						


Jjjjjjjjjjjjjjjjj

JAASON  SIMONS
JACK  BUSEY  (BUSEY  JACK)
JACK  CARLISLE			
JACK  BAILEY
JACK BLACK
JACK GLEESON  (GLEESON  JACK)
JACK  HAWKINS
JACK HUSTON
JACK  KAO
JACK KEHLER (KEHLER  JACK)
JACK LEMON  (LEMON  JACK)
JACK  NICHOLSON  (NICHOLSON  JACK)
JACK  PALANCE
JACK  WARDEN
JACKIE  ARNOLD
JACKIE BERROYER 
JACKIE  TUTTLE
JACKY CHAN  
JACQUELINE  BISSET
JACQUES BREL  (BREL  JACQUES)
JACQUES  DUFILHO
JACQUES DUTRONC  (DUTRONC  JACQUES)
JACQUES  GAMBLIN (GAMBLIN  JACQUES)
JACQUES  GODIN
JACQUES  PERRIN
JACQUES  SPIESSER
JACQUES VILLERET
JACQUES  WEBER
JAE  HO  SONG
JAE  HYEON  JO
JAE  YEONG JEONG		
JAIME  KING
JAIME  PRESSLY (PRESSLY JAIME)
JAIME  WINSTONE
JAIMIE  ALEXANDER
JAKE  GYLLENHAAL
JALIL  LESPERT
JAMES  A  WOODS
JAMES BELUSHI  (BELUSHI   JAMES)
JAMES  BEST
JAMES  CAAN (CAAN  JAMES)
JAMES  C   BURNS
JAMES  CAGNEY (CAGNEY  JAMES)
JAMES  CROMWELL
JAMES DARCY
JAMES DEAN
JAMES DEBELLO (DEBELLO  JAMES)
JAMES  DUMONT
JAMES  DUVAL
JAMES  EARL  JONES
JAMES FOX
JAMES  FRANCISCUS
JAMES  FRANCO
JAMES  GAMMON
JAMES  GANDOLFINI  (GANDOLFINI  JAMES)  
JAMES  LORINZ	
JAMES  MARSDEN
JAMES  MASON
JAMES PUREFOY (PUREFOY JAMES)
JAMES REMAR
JAMES  RUSSO (RUSSO  JAMES)
JAMES SPADER
JAMES STEWART
JAMES VAN DER BEEK
JAMES  WILLIAMS TYLER		( TYLER  JAMES  WILLIAMS)
JAMES  WOODS  (WOODS JAMES)
JAMIE BELL (BELL JAMIE)
JAMIE FOXX
JAMIE LEE CURTIS 
JAMPA KALSANG TAMANG
JAN  DECLEIR
JAN  ENGLERT
JAN  NOWICKI ( NOWICKI JAN)
JAN STERLING  (STERLING  JAN)
JANE BIRKIN
JANE  FONDA
JANE RUSSELL
JANE  SEYMOUR
JANEANE GAROFALO
JANG DONG KUN-(Jang Dong Gun)
JARED  HARRIS
JARED  KUSNITZ
JARED  MARTIN
JASMINE TRINCA
JASON  BATEMAN
JASON BEHR (BEHR  JASON)
JASON BIGGS
JASON  CLARKE
JASON  COVIELLO
JASON FLEMMYNG (FLEMMYNG JASON)
JASON LONDON 
JASON  MAZA
JASON MEWES
JASON SCOTT LEE
JASON STAHAM
JAVIER  BARDEM
JAVIER  GUTTIEREZ (GUTTIEREZ JAVIER)
JAY  BRAZEAU
JAYMA  MAYS
JEAN  CARMET
JEAN CLAUDE  BRIALY  (BRIALY J C)
JEAN  CHRISTOPHE  BOUVET
JEAN DUJARDIN (DUJARDIN JEAN)
JEAN  FRANCOIS  BALMER
JEAN  FRANCOIS STEVENIN  (STEVENIN  JEAN  FRANCOIS)
JEAN LEFEVRE
JEAN  LOUIS  TRINTIGNANT (TRINTIGNANT JEAN  LOUIS)
JEAN  LUC  BIDEAU
JEAN  MARAIS
JEAN MARC BARR
JEAN  MARIE BIGARD
JEAN MARIE PATTE
JEAN MARIE  WINLING
JEAN PIERRE BACRI
JEAN PIERRE AROUSSIN.(DAROUSSIN. JEAN PIERRE)
JEAN PIERRE LEAUD  (LEAUD  JEAN PIERRE)
JEAN PIERRE   MOCKY
JEAN PIERRE TALBOT (TALBOT JEAN PIERRE)
JEAN RENO	
JEAN  RICHARD
JEAN ROCHEFORT
JEAN  ROLLIN
JEAN SERVAIS  (SERVAIS  JEAN)
JEAN  TISSIER	
JEAN  YANNE
JEAN  YVES  BERTHELOOT
JEANNE  CRAIN
JEANNE  MOREAU
JEFF BRIDGES
JEFF  CHANDLER (CHANDLER  JEFF)
JEFF DANIELS
JEFF FAHEY
JEFF GOLDBLUM   (GOLDBLUM     JEFF)
JEFFERSON  BROWN
JEFFREY COMBS
JEFFREY  HUNTER
JENNIFER ANNISTON
JENNIFER CONNELY
JENNIFER  ESPOSITO
JENNIFER  LAWRENCE
JENNIFER LOPEZ
JENNIFER LOWE HEWITT
JENNIFER  MORRISON
JENNIFER O’NEILL (O’NEILL JENNIFER)
JENNIFER  TAYLOR
JENNIFER TILLY  (TILLY  JENNIFER)
jenny  agutter  '(AGUTTER  JENNY)
JENSEN TODD (TODD JENSEN)
JEREMIE RENIER
JEREMY NORTHAM (NORTHAM JEREMY)
JEREMY STUMPTER (STUMPTER JEREMY)
JERRY  LEWIS
JERRY  WASSERMAN
JESSE  EISENBERG
JESSICA BIEL  (BIEL  JESSICA)
JESSICA  CHASTAIN
JESSICA LANG
JESSICA MORRIS
JET LI  
JI  HYE YUN
JI  SEOB  SO
JI WON HA
JI  WON UHM
JIANG WEN
JIM  BROADBENT
JIM CARREY
JIM  CAVIEZEL
JIM  HAZELTON
JIN KU (KU  JIN)
JIN  WOONG  JO
JO PRESTIA (PRESTIA JO)
JOAQUIM DE ALMEIDA
JOAQUIN PHOENIX
JOAN CRAWFORD  (CRAWFORD  JOAN)
JOAN  FONTAINE
JOAN TAYLOR  (TAYLOR  JOAN)
JOANA PACULA
JOAO  MIGUEL
JOCK  MAHONEY
JODIE FOSTER
JOE ESTEVEZ
JOE  FLANIGAN
JOE  MORTON
JOE  ODAGIRI
JOE PESCI (PESCI  JOE)
JOEL  BISHOP
JOEL  EDGERTON
JOEL  GRETSH
JOEL  GREY			
JOEL  MC  CREA
JOHANA CASSIDY (CASSIDY JOHANA)
JOHN  ASHTON
JOHN  ASTIN
JOHN   C   REILLY
JOHN CASSAVETES (CASSAVETES  JOHN)
JOHN CLEESE (CLEESE JOHN)	
JOHN  GALLAGER
JOHN GOODMAN
JOHN  HALLAM
JOHN  HANNAH
JOHN HURT
JOHN  JARRATT
JOHN  KARLEN
JOHN  KARYUS
JOHN KEEFE (KEEFE JOHN)		
JOHN  LAURIE
JOHN  LEGUIZAMO
JOHN  MARLEY
JOHN  MILLS
JOHN NOBLE  (NOBLE  JOHN)
JOHN POLITO  (POLITO  JOHN)
JOHN RATZENBERGER (RATZENBERGER JOHN)
JOHN RITTER
JOHN RHYS DAVIES
JOHN SAVAGE		
JOHN SAXON
JOHN  TURTURRO  (TURTURO  JOHN)
JOHN VOIGT
JOHN  WAYNE  (WAYNE JOHN)
JOHNNY	DEPP (DEPP   JOHNNY	)
JOHNNY HALLYDAY
JOHNNY NGUYEN  (NGUYEN  JOHNNY)
JOHNNY  WEISSMULLER (WEISSMULLER  JOHNNY)
JON HUERTAS
JON  SKLAROFF
JONATAN  RHYS  MEYERS
JOHNATAN BANKS (BANKS  JOHNATAN)
JONATHAN  TUCKER  (TUCKER JONATHAN)
JONATHON  SCHAECH
JORDI MOLLA
JOSEAN BENGOETXEA
JOSE  CORONADO
JOSE GARCIA
JOSEPH  COTTEN 
JOSH BROLIN (BROLIN JOSH)
JOSH  DUHAMEL (DUHAMEL  JOSH)
JOSH  HAMILTON
JOSH HARNETT
JOSH  HENDERSON
JOSH LUCAS
JOSH  PAIS
JOSH  PECK
JOSHUA  ELIJAH  REESE
JOSHUA JACKSON
JOSIANNE BALASKO
JOSIE  DAVIS
JOSIE HO CHIU YEE
JOUKO AHOLA
JUDD NELSON (NELSON  JUDD)
JUDE LAW
JUDGE  REINHOLD
JUDITH  DAVIS
JUDITH GODBRECHE (GODBRECHE JUDITH)
JUDITH  ROBERTS
JUDY   FARRELL
JUDY GARLAND   (GARLAND    JUDY)		
JUDY MARTE		
JULIA  JENTSCH
JULIA ORMOND  (ORMOND  JULIA)
JULIA ROBERTS
JULIA  STILES (STILES JULIA)
JULIAN GLOVER '(GLOVER  JULIAN)
JULIAN SANDS '(SANDS JULIAN)
JULIANE KOHLER
JULIANNE MOORE
JULIE  ANDREWS  (ANDREWS  JULIE)
JULIE  BENZ  (BENZ  JULIE)
JULIE DELPY
JULIE DEPARDIEU  (DEPARDIEU  JULIE)
JULIE DESLAURIER
JULIE  GAYET  (GAYET   JULIE  )
JULIE  LEBRETON			
JULIE  MARIE PARMENTIER			
JULIE  RUSTIE
JULIE STAIN
JULIEN BOISSELIER (BOISSELIER  JULIEN)
JULIEN COURBEY  (COURBEY  JULIEN)
JULIEN  DORE
JULIET  LANDAU
JULIETTE BINOCHE (BINOCHE JULIETTE)
JUN SHIN HYEON (SHIN HYEON JUN)
JUNG JAE LEE
JUNG WOO HA
JUNO  TEMPLE
JU  SEOK  LEE
JURGEN PROCHNOW (PROCHNOW JURGEN)
JURGEN  VOGEL
JUSTIN  LONG
JUSTIN  TIMBERLAKE 
	



  
KKKKKKKKKKKKKKK
KAD MERAD
KAGAWA  TERUYUKI (TERYUKI  KAGAWA)
KAI  LENTRODT
KAILIN  SEE
KAL  PENN
KAL  WEBER
KALFON  J P
KALKI  KOECHLIN
KANE  HODDER
KANG SEON YEON
KANG  SHENG  LEE
KANG  WOO  KIM
KAREENA  KAPOOR
KAREL  RODEN
KAREN  LEBLANC
KARI  MATCHETT
KARIAN  MAYAN
KARIM  BELKHADRA
KARIM  LEKLOU
KARIN  VIARD  (VIARD  KARIN)
KARINA  TESTA
KARINE  VANASSE
KARL  MALDEN
KARL URBAN
KASE RYO
KATE BECKINSALE
KATE  BOSWORTH
KATE MARA
KATE  TODD
KATE  WINSLET  (WINSLET  KATE)
KATHARINA ISABELLE
KATHERINE  HEIGL
KATHARINE  HEPBURN
KATHARINE  ROSS(ROSS KATHARINE)
KATHLEEN QUINLAN
KAHRYN  GRANT
KATHY BATES
KATI OUTINEN  (OUTINEN  KATI)
KATIE  ASELTON
KATIE   BOLAND
KATIE  CASSIDY
KATIE HOLMES
KATJA  STUDT
KATJA  WEITZENBOCK
KATO  KOYOUKI
KAVANAGH THOMAS
KAWAHARA    SABU
KAWAI  KENJI
KAYLEE  DEFER
KEANU REEVES   (REEVES   KEANU )
KEEFE JOHN
KEELEY  HAWES
KEENAN WYNN
KEHLER  JACK
KEIR  DULLEA
KEIRA KNIGHTLEY 
KEITH  DAVID
KELLAN  LUTZ
KELLIE  MARTIN
KELLY  ADAMS
KELLY HU
KELLY PRESTON
KELSEY  SANDERS
KEN  CAMPBLELL
KEN  CLARK
KEN GAMBLE  (GAMBLE  KEN )
KEN KERR 
KEN  KIRZINGER
KEN  MARINO
KEN OGATA (OGATA  KEN)
KEN  WAHL 
KENAN  THOMSON
KENICHI  MATSUYAMA
KENJI KAWAI (KAWAI  KENJI)
KENNETH  NKOSI (NKOSI  KENNETH )
KENTARO SHIMAZU (SHIMAZU KENTARO)
KERR SMITH
KERRY  FOX
KERRY WASHINGTON
KEV  ADAMS
KEVIN BACON
KEVIN  CARROLL
KEVIN  CORRIGAN
KEVIN COSNER
KEVIN DILLON
KEVIN  KLINE
KEVIN  MC CARTHY
KEVIN O’NEILL (O’NEILL  KEVIN ) 
KEVIN O’CONNOR  (O’CONNOR  KEVIN)
KEVIN POLLAK
KEVIN  SMITH
KEVIN  SORBO
KEVIN SPACEY
KEVIN  SUSSMAN
KEVIN ZEGERS
KHAALID  MAADOUR
KHALDOUN  ELMECKY
KI  JOO  BONG
KIEFFER SUTHERLAND
KIERON ELLIOT
KIM  BASSINGER
KIM  BODNIA
KIM  BYEONG OK
KIM   CATTRALL
KIM  COATES
KIM  HAE  SOOK
KIM JEONG HAK
KIM KANG  WOO  (KANG  WOO  KIM)
KIM  MORGAN  GREENE
KIM  NOVAK  (NOVAK  KIM  ) 
KIM  ROSSI  STUART 
KIM SEO  HYEONG  (SEO  HYEONG  KIM)
KIM Su-Ro 
KIM SEUNG  WOO (SEUNG  WOO  KIM)
KINGA  PREIS
KINNOSUKE  NAKAMURA (NAKAMURA  KINNOSUKE)
KIP  PARDUE
KIPPEI  SHIINA
KIRK    DOUGLASS
KIRSTEN DUNST
KITSUWON SUPAKORN  (SUPAKORN  KITSUWON)
KJELL  BERGQVIST 
KLAUS  KINSKY
KNIGHT STERLING  (STERLING  KNIGHT)
KO NISHIMURA (NISHIMURA KO)
KOJI  YAKUSHO
KOTARO  SATOMI (SATOMI  KOTARO)
KRIS     KRISTOFFERSSON
KRISTEN  HARRIS
KRISTEN  QUINTRALL	
KRISTEN STEWART
KRISTIN SCOTT THOMAS
KRISTANNA LOKEN
KRISTINA  KLEBE
KRISTOFER HIVJU
KRISTOFFER  JONER
KRISTY SWANSON
KRYSTYNA  JANDA
KU  JIN
KURT RUSSEL
KYLE  CASSIE (CASSIE  KYLE)
KYLE MAC LACHLAN
KYRRE  HELLUM
KYUN SHIN HA (SHIN HA KYUN)


LAETICIA  CASTA	
LAETICIA  REVA
LAGRA GALAMELA  (GALAMELA  LAGRA)
LAIN  GLENN
LAM  SUET
LAMBERT  WILSON 
LAMOTTE  MARTIN
LANA  TURNER
LANCE  GUEST
LANCE HENRIKSEN
LANCE LEWMAN
LAROQUE michelle
LARRY  DRAKE
LARRY  FESSENDEN (FESSENDEN LARRY)
LARRY  MILLER
LAU CHING WAN
LAURA  ANTONELLI
LAURA  BETTI
LAURA  BRECKENRIDGE
LAURA HARRIS
LAURA LEIGHTON
LAURA LINNEY
LAURA  MORANTE
LAURA PREPON
LAURA RAMSEY
LAURA REGAN
LAURA  VANDERVOORT
LAURE MARSAC
LAUREL ET HARDY
LAUREN ASHLEY  CARTER 
LAUREN  HOLLY
LAURENCE COTE
LAURENCE FISHBURNE   '(FISHBURNE    LAURENCE)
LAURENCE  HARVEY
LAURENCE  KINLAN
LAURENCE LEBOEUF
LAURENT  LAFITTE
LAURENT  SOFFIATI
LAURENT  TERZIEF
LAURIE PIPER  (PIPER  LAURIE)
LAWRENCE MORTORFF
LEA DRUCKER
LEA  MASSARI
LEA  NICHOLAS  (NICHOLAS  LEA)
LEA  SEYDOUX
LEA  THOMSON
LEANDER HAUBMAN (Leander Haußmann)
LEANE  ADACHI
LEAUD  JEAN PIERRE
LEE CHEAN HEE
LEE DONG GYU
LEE EOL
LEE HONG PYO
LEE  HYEON  GYUN				
LEE JASON
LEE  KYEONG  YEONG
LEE REMICK
LEE JU  SEOK (JU  SEOK  LEE)
LEE  VAN CLEEF
LEI  CHENG
LEIGHTON MEESTER
LEILA  BEKHTI
LELAND  ORSER
LEMON  JACK
LEO  FITZPATRICK
LEON LAI
LEONARD  JOSHUA
LEONARD SHELDON  (SHELDON  LEONARD)
LES  TREMAYNE			
LESLEY  ANNE DOWN
LESLIE  CARON
LESLIE CHEUNG
LESLIE  MANN
LESLIE  NIELSEN  (NIELSEN  LESLIE  DAVID)
LESLIE  PHILIPS
LETICIA  DOLERA
LEVI  VAN  KEMPEN
LEWIS  FIANDER

LEWIS JULIETTE
LEX  BAXTER
LEXI  GIOVANOLI
LI GONG (GONG LI)
LIAM  CUNNINGHAM
LIAM NEESON (NEESON  LIAM)
LIAM  NOBLE   (NOBLE   LIAM)
LIEH  LO 
LIL  BOW WOW
LILI  PALMER
LIN  CUI
LIN  WAI    KIN
LINA ROMAY
LINDA  BLAIR
LINDA  BOYD
LINDA   PURL
LINDEN  ASHBY
LINDSAY  NOHAN
LINDSEY  SHAW
LINDY BOOTH
LINE  RENAULD   (RENAULD  LINE)
LINNEA  QUIGLEY
LINO  VENTURA  (VENTURA  LINO)
LIONEL ABELANSKI
LIONEL  BAIER
LIONEL  JEFFRIES
LIOR ASHKENAZY
LISA KUDROW
LISA  LOVEN  KONGSLI
LISA  MARCOS
LISA  POTTHOFF
LIU  KAI   CHI  
LIU  YE
LIZA  MARTINEK
LL COOL J
LLONA ELKIN
LOCHLYN  MUNRO
LOAN  GRUFFUDD                             
LOGAN  MILLER
LOLO DUENAS
LOMMER STEEN STIG (STEEN STIG LOMMER)
LORANT DEUTSH ( DEUTSH LORANT )
LORENZO CRESPI
LORENZO  LAMAS
LORI  HEURING
LORI   LETHIN
LORETTA  DEVINE
LOTHAIRE  BLUTEAU
LOU DIAMOND  PHILLIPS
LOU  DOILLON
LOUIS FERREIRA  (FERREIRA  LOUIS )
LOUIS GOSSET
LOUIS  GRAHAM
LOUIS  HERTHUM
LOUIS  JOURDAN
LOUIS  JOUVET
LOUIS  DO DE LENCQUESAING
LOUISE BOURGOIN
LUCAS BELVAUX	
LUCIEN JEAN BAPTISTE
LUCY LIU
LUDMILLA  TCHERINA (TCHERINA  LUDMILLA)
LUIGI  DIBERTI
LUIGI LO CASCIO
LUIS  HOMAR
LUIS  TOSAR
LUIS VASCONCELOS (VASCONCELOS  LUIS)
LUISA DE SANTIS
LUIS  TOSAR	
LUKAS  HAAS
LUKE  BENWARD
LUKE GOSS
LUKE MABLY
LUKE  PERRY
LUKE TREADAWAY (TREADAWAY  LUKE)
LUKE WILSON
LUMINATA  GHEORGIOU
LUNG TI
LYNCH  JOHN
LYNCH ROSS (ROSS LYNCH)

MACARENA GOMEZ  (GOMEZ   MACARENA)		
MACHA  MERRIL
MACHIDA SHION  (SHION  MACHIDA)
MACHIKO  ONO(ONO  MACHIKO)
MADCHEN AMICK
MADHAVAN
MADELEINE  STOWE (STOWE madeleine)
MADONNA		
MADS MIKKELSEN
MAE  WEST
MAGALIE NOEL  (NOEL  MAGALIE)
MAGDA  KONOPKA
MAGDA  SZUBANSKY
MAGGIE cheung
MAGGIE LAWSON
MAGGIE  Q
MAHMOUD  HEMIDA
MAHO NONAMI  (NONAMI  MAHO)
MAKIKO WATANABE
MALIN  AKERMAN
MALKOVITCH john
MAN  CHEUK  CHIU
MANDY MOORE
MANFRED  WONG
MANOUSH
MANUEL  BLANC 
MANUEL GONCALVES   (GONCALVES   MANUEL)   
MANUELLA  VELASCO
MAO  INOUE
MARC ANDRE GRONDIN '(GRONDIN MARC ANDRE)
MARC  BARBE		
MARC  BERMAN  
MARC  BLUCAS
MARC  CITTI
MARC  DACASCOS
MARC  LABRECHE
MARC  LAVOINE
MARC  SAEZ
MARC  SINGER
MARCEL DALIO
MARCEL   PAGLIERO
MARCEL  VALLEE
MARCELLO MASTROIANI
MARCUS  LYKE  BROWN 
MARGARET RUTHERFORD (RUTHERFORD  MARGARET)
MARIA BELLO		
MARIA DE MEIDEROS
MARIA  LUISA GARCIA
MARIA OLSEN  (OLSEN   MARIA)
MARIA VALVERDE
MARIA  VICTORIA  DRAGUS
MARIAME N’DIAYE
MARIE  BRASSARD
MARIE BUNEL
MARIE CHRISTINE  BARRAULT
MARIE GILLAIN (GILLAIN  MARIE)
MARIE JO  CROZE
MARIE  KREMER	
MARIE  RIVIERE
MARIE  WINDSOR
MARIELLE Jean Pierre
MARIJKE  PINOY
MARILOU BERRY
MARILYNE  CANTO
MARILYN  MONROE
MARIN CHEECH (CHEECH MARIN)
MARINA FOIS
MARIO  ADORF
MARIO  LOPEZ
MARIO  MAURER
MARIO VAN PEEBLES
MARION COTILLARD
MARISA TOMEI  (TOMEI  MARISA)
MARIUS WEYERS
MARK  DAMON
MARK    GREGORY
MARK  HARMON
MARK  HENGST
MARK  LEWIS JONES
MARK    MARGOLIS	
MARK     RUFFALLO
MARK    WAHLBERG
MARKINA NADESHDA  (NADESHDA  MARKINA)
MARKO   ZAROR
MARLENE  DIETRICH
MARLON    BRANDO
MARLON  WAYANS  (WAYANS MARLON) 
MARSHALL THOMSON
MARTHA  HIGAREDA
MARTINA  GEDECK
MARTIN BRAMBACH
MARTIN  DONOVAN
MARTIN FREEMAN (FREEMAN  MARTIN)
MARTIN  KELLIE (KELLIE  MARTIN)
MARTIN LANDAU
MARTIN LAMOTTE  (LAMOTTE  MARTIN)
MARTIN LAWRENCE
MARTIN PAPOLD
MARTIN  SACKS
MARTIN SHEEN  '(SHEEN    MARTIN)
MARTINA  GEDECK
MARTINE SARCEY
MARY  ELISABETH  WINSTEAD	
MARY  STOCKLEY
MARYAM  D’ABO
MASANOBU ANDO
MASATOSHI   NAGASE(NAGASE   MASATOSHI)
MASAYA  KATO
MATEUSZ   KOSCIUKIEWICZ 
MATHIEU  AMALRIC  (AMALRIC MATHIEU)
MATHIEU  CARRIERE
MATHIEU DEMY
MATHIEU KASSOVITZ
MATHIEU   ROZE
MATHILDE BISSON
MATHILDE SEIGNER
MATHIS  LANDWERH
MATSUSHIGE  Yutaka
MATSUYAMA Ken'ichi
MATT  BIRMAN
MATT DAMON  ( DAMON MATT)
MATT    DILLON
MATT FREWER  (FREWER   MATT )
MATT   LAGAN
MATT   LANTER
MATT   WINSTON
MATTHEW  ATHERTON  (ATHERTON   MATTHEW)
MATTHEW BRODERICK
MATTHEW  DAVIS
MATTHEW  DYLAN  ROBERTS
MATTHEW  FABER
MATTHEW FOX (FOX  MATTHEW)
MATTHEW   LILLARD
MATTHEW MC CONAUGHEY
MATTHEW  MAC  FADYEN
MATTHEW MODINE
MATTHEW OKINE  (OKINE  MATTHEW)
MATTHEW  RAUDSEPP 		 
MATTHEW  RHYS
MATTHEW ST PATRICK
MATHEW WILKINSON
MATTHIAS  HUES
MATTHIAS  SCHOENAERTS
MAUREEN	 O’HARA (O’HARA  MAUREEN)
MAURICE  BENICHOU
MAURICE  CHEVALIER (CHEVALIER  MAURICE)
MAURICE  DENHAM
MAURICE  ROEVES
MAURICE RONET (RONET  MAURICE)
MAX  BOUBLIL
MAX   PERLICH
MAX  RIEMELT (RIEMELT  MAX) 
MAX VON SYDOW
MAXINE  PEAKE
MEG RYAN
MEHDI NEBBOU  (NEBBOU  MEHDI)
MEL  BROOKS
MEL GIBSON  (GIBSON  MEL)			
MELANIE  DOUTEY
MELANIE GRIFFITH
MELANIE LAURENT	
MELANIE  VENNE
MELISSA  GEORGES
MELISSA REED
MELISSA  RENEE MARTIN
MERCEDES  CABRAL
MERYL STREEP
METHOD MAN
MIA  FARROW
MIA  KIRSHNER
MICAH  SLOAT
MICHAEL  BAILEY SMITH
MICHAEL  BATES		
MICHAEL  BERRYMAN
MICHAEL  BIEHN
MICHAEL  BOWEN
MICHAEL CAINE
MICHAEL  GOUGH
MICHAEL DOUGLAS
MICHAEL  DUDIKOFF
MICHAEL  EKLUND	
MICHAEL  FASSBENDER
MICHAEL  FLYNN 	
MICHAEL FOX (FOX  MICHAEL)
MICHAEL GROSS
MICHAEL HERBIG
MICHAEL  HOGAN
MICHAEL  IRONSIDE
MICHAEL  JAY  WHITE
MICHAEL KEATON
MICHAEL  LANDES
MICHAEL  LONDASLE
MICHAEL  NIQVIST  (NIQVIST   MICHAEL)
MICHAEL NOURI  (NOURI  MICHAEL)
MICHAEL  PARE
MICHAEL  PITT
MICHAEL  REDGRAVE  (REDGRAVE  MICHAEL)
MICHAEL  ROOKER
MICHAEL  SEAGAL
MICHAEL  SHANNON
MICHAEL  SMILEY
MICHAEL  SOPKIW
MICHAEL  WORTH
MICHAEL YORK
MICHAEL  YOUN
MICHAL  ZEBROWSKI
MICHEL AUCLAIR ( AUCLAIR MICHEL)
MICHEL AUMONT
MICHEL  BARETTE
MICHEL BLANC
MICHEL  BOUJENAH
MICHEL BOUQUET
MICHEL COTE
MICHEL DELAHAYE
MICHEL  DUCHAUSSOY
MICHEL PICCOLI (PICCOLI MICHEL)
MICHEL SERRAULT						
MICHEL SIMON
MICHEL  VUILLERMOZ
MICHELINE  PRESLE
MICHELLE BERNIER
MICHELLE GIRARDON
MICHELLE MERCIER
MICHELLE PLACIDO
MICHELLE HARRISSON 
MICHELLE KRUSIEC 
michelle LAROQUE (LAROQUE michelle)
MICHELLE PFEIFFER
MICHELLE RODRIGUEZ
MICHELLE  VALLEY
MICKEY ROONEY  (ROONEY  MICKEY)
MICKEY ROURKE
MIFUNE TOSHIRO  (TOSHIRO  MIFUNE )
MIGUEL FERRER
MIHIRO
MIK  CRIBBEN
MIKAEL  PERSBRANDT
MIKAKO TABE
MIKE MEYERS			
MIKE  MONTY
MIKE STRAUB
MIKE VOGEL
MIKI  MANOJLOVIC
MIKI  MIZUNO
MILEY CYRUS
MILES TELLER
MILLA JOVOVICH
MIMSY  FARMER
MIN MAN MA 
MIN  SIK CHOI
MIOU MIOU
MIRA SORVINO
MIREILLE  DARC
MIRJANA  KARANOVIC
MIRRAH  FOULKES
MISCHA  BARTON
MISSI  PYLE
MITSURU FUKIKOSHI
MOLLY  RINGWALD
M’ONIQUE
MONIQUE VAN DE VEN
MONGOMERY  CLIFT
MORGAN CURTIS  (CURTIS  MORGAN)
MORGAN FREEMAN
MORGAN MARINNE
MORGAN  PETER  BROWN
MORITZ  BLEIBTREU
MORRIS CHESTNUT		
MOS  DEF
MUNGO  MC KAY
MURIEL  DUTIL 
MUSTAFA  HAIDARI
MYANNA BURING 
MYLENE  DEMONGEOT
MYEONG SHIN JAE (SHIN JAE MYEONG)
MYRIAM  BOYER

NACERY  SAMMY   		
NADESHDA  MARKINA
NADINE  ALARI
NADINE  LABAKI
NAE SONG  AHN
NAGASAWA NAO  (NAO  NAGASAWA)
NAGASE   MASATOSHI   
NAHON PHILIPPE 
NAKA  TATSUYA
NAKADAI  TATSUYA		
NAKAKITA CHIEKO
NAKAMURA KINNOSUKE  		
NAKAMURA SHIDO
NAKAYAMA Shinobu
NAMO  TONGKUMNERD
NANCY  ALLEN
NANCY  CARELL
NANCY  MCKEON
NANCY TRAVIS
NANNI MORETTI
NAO  NAGASAWA
NAOKI TANAKA           		
NAOMI WATTS
NAOTO  TAKENATA
NAPIER CHARLES     		
NAPPO  TONY			
NARGIS
NARIMIYA  HIROKI		
NATACHA  KINSKY
NATALIA  WORNER
NATALYA  SEDYKH
NASTASSJA  KINSKI
NATASHA HENSTRIDGE
NATASHA  LYONNE
NATE  PARKER
NATHALIE BAYE
NATHALIE PORTMAN
NATHALIE PRESS
NATHALIE ROUSSEL
NATHAN  FILLION
NATORI  YUKO
NATSUYAGI    ISAO
NAVID  NECAHBAN
NEAL   DYLAN			
NEAL  PATRICIA---
NEAME  CHRISTOPHER         
NEBBOU  MEHDI
NED BELLAMY
NEESON  LIAM  
NEGISHI TOSHI
NEIL  MASKELL
NEIL  NAPIER
NEIL  PATRICK  HARRIS
NEILL  SAM    		
NELSON  JUDD
NELSON   TRACY			
NEMEC   CORIN	     							
NEVE CAMPBELL		
NEVILLE  BRANDT
NEWMAN    PAUL   
NEWTON  THANDIE		
NG  RICHARD 
NGUYEN  JOHNNY 
NHU NGUYEN  (NGUYEN  NHU)
NGUYEN  NHU
NI  TIEN
NI  YAN	
NICHOLAS  BRAUN		
NICHOLAS  IRONS
NICHOLAS  LEA
NICHOLAS TSE 
NICHOLAS  TURTURRO
NICHOLSON  JACK
NICK  BRANDON
NICK  CASSAVETES
NICK  CHEUNG
NICK  DAMICI  
NICK  FROST
NICK  MANCUSO
NICK NOLTE
NICK  ZANO
NICKY  NAUDE
NICOLA  POSENER
NICOLAI  CLEVE BROCH
NICOLAS  BRO
NICOLAS CAGE  
NICOLAS DUVAUCHELLE
NICOLAS  GIRAUD
NICOLAS  MARIE
NICOLAS  VAPORIDIS
NICOLAS  WANCZYCKI
NICOLE  COURCEL
NICOLE  EGGERT
NICOLE	GARCIA
NICOLE 	GRIMAUDO
NICOLE	KIDMAN
NICOLE  MAUREY	
NICOLE  MUNOZ
NICOLETTA  BRASCHI
NICOLETTA  ELMI
NICOLETTE  SHERIDAN
NIELS ARESTRUP
NIELS BRUNO SCHMIDT
NIELS  OLSEN
NIELS  SCHNEIDER
NIELSEN  BRIGITTE                           
NIELSEN    CONNIE         
NIELSEN  LESLIE  DAVID                     
NIGEL  BENETT
NIKOLA  DJURICKO
NIKOLAI  CHERKASOV
NIKOLAY  OLYALIN
NIKONENKO  SERGEY  
NILES MCMASTER
NINA  BOBREV
NINA  HOSS
NINO  MANFREDI	
NIQVIST   MICHAEL
NIROOJ  SIRIJANYA  
NISHIJIMA  HIDETOSHI          		
NISHIMURA KO
NISHINA Takashi
NIVEN    BARBARA  
NIVEN   DAVID				
NKOSI  KENNETH  
NO  DAVID                  
NOAH  TAYLOR 
NOBLE JOHN
NOBLE  LIAM			 
NOEL  MAGALIE
NOEL  O'DONOVAN
NOEL ROQUEVERT
NOEMIE  GODIN  VIGNEAU
NOEMIE  LVOVSKY
NOIRET   PHILIPPE 
NOLAN  LLOYD  
NONAMI  MAHO
NORA ZEHETNER
NORIEGA  EDUARDO 
NORIKO  NAKAGOSHI
NORMA  BENGELL
NORMAN  BAERT
NORMAN  HELMS
NORMAN  REEDUS		
NORMAND D’AMOUR
NORRIS  CHUCK            
NORRIS  HERMIONE        
NORTHAM JEREMY
NORTON  EDWARD  
NOURI  MICHAEL
NOVAK  JOHN
NOVAK  KIM  
NOVAKOVIKC BOJANA
NOWICKI JAN
NOWICKI  TOM				


OOOOOOOOOOOO
OBBA  BABATUNDE
O’CONNOR  KEVIN
O’KEEFE    DENIS				
O’NEAL  RYAN
O’NEILL JENNIFER
O’NEILL  KEVIN  
O ‘TOOLE  PETER  
OBERST   BILL				
ODED  FERH
ODILE  VERSOIS
OFER  SHECHTER
OGATA  KEN  
OGIER   BULLE			
OGURI   SHUN 		 
O’HARA  MAUREEN
OH  KWANG  ROK
OKADA  EIJI
OKADA  MARIKO
OKADA   TOMOHIRO			
OKINE  MATTHEW
OLAFUR  DARRI  OLAFSSON
OLEG  TAKTAROV
OLGA  KARLATOS
OLGA  KURYLENKO
OLIVER  PLATT
OLIVER REED
OLIVIA BONAMY
OLIVIA  DE HAVILLAND
OLIVIA HILL
OLIVIA  WILDE
OLIVIA  WILLIAMS
OLIVER TOBIAS
OLIVIER   CHRISTIAN     
OLIVIER GOURMET
OLIVIER   LAURENCE 
OLIVIER  RABOURDIN
OLSEN ELISABETH
OLSEN   MARIA
OLYMPIA DUKAKIS
OLYPHANT   TIMOTHY		
OMAR SHARIFF
OMAR  SY
ONO  MACHIKO
ONTIVEROS  LUPE   
OPHELIE  WINTER
ORBA   KING  
ORJAM   GAMST
ORLANDO  BLOOM
ORLANDO JONES
ORMOND  JULIA
ORNELLA MUTI
ORSON  WELLS
OSAWA  TAKAO
OSHUGI  REN
OTAKI     HIDEJI
OTAR  KOBERIDZE
OTHON  BASTOS
OTOGURO  ERI
OUAZANI   SABRINA       
OUTINEN  KATI
OWE   BAARD			
OWEN WILSON
OYELOWO DAVID

PABLO  CEDRON
PABLO  SCHREIBER
PADDY  CONSIDINE
PAM GRIER (GRIER PAM)
PARIS  HILTON		
PARK HYEOK GWON
PARK JUN KYU
PARKER  POSEY
PASCAL BONGARD
PASCAL CERVO
PASCAL ELBE  (ELBE   PASCAL)
PASCAL  ELSO
PASCAL N ZONZI
PASCALE  BUSSIERES
PASQUALE  ALEARDI
PAT  MORITA
PATRICE  ROBITAILLE
PATRICIA NEAL (NEAL  PATRICIA)
PATRICIA  STASIAK
PATRICIA  WILSON 
PATRICK  BAUCHAU
PATRICK  BERGIN
PATRICK  BONNEL
PATRICK BOUCHITEY
PATRICK  BRUEL
PATRICK  CHESNAIS
PATRICK DEWAERE
PATRICK  DROLET
PATRICK  GALLAGER (GALLAGER  PATRICK  )
PATRICK  GRANPERRET (GRANDPERRET  PATRICK) 
PATRICK  HUART
PATRICK  KILLPATRICK
PATRICK   MAGNEE
PATRICK  MULDOON
PATRICK  NEIL  PATRICK (NEIL  PATRICK  HARRIS)
PATRICK  RENNA 
PATRICK  STEWART
PATRICK SWAYZE
PATRICK TANG
PATRICK  WILSON
PATTY  DUKE
PAULA  ALLEN 
PAULA  PATTON
PAUL    DZENKIW
PAUL  GIAMATTI  (GIAMATTI PAUL)
PAUL  GLOVER
PAUL  GROSS
PAUL HOGAN
PAUL  LOGAN
PAUL  MC  GANN
PAUL  MEURISSE
PAUL NEWMAN  (NEWMAN    PAUL )
PAUL PRESBOIS
PAUL RUDD
PAUL SCHNEIDER
PAUL  SORVINO	
PAUL WALKER
PAULA  ALLEN
PAULA  JEAN HIXSON
PAULA  PATTON
PAULINA  GALVEZ
PAULINE  CARTON (CARTON  PAULINE)
PAVEL DEREVYANKO
PENELOPE CRUZ
PENPAK SIRIKUL
PER  CHRISTIAN ELLEFSEN
PER  RAGNAR
PER  SHAANING
PERRY  BENSON
PERRY  KING
PERRY  PIRKANEN
PESCI  JOE
PETE  POSTLETHWAITE
PETE SMITH
PETER  BENSON
PETER BERLING
PETER  CELLIER
PETER COYOTTE
PETER  CUSHING
PETER FALK
PETER  FONDA 
PETER  GANTZLER (GANTZLER  PETER)
PETER  LORRE
PETER  MAC ALLUM 
PETER  MILLER
PETER MULLAN
PETER  	O ‘TOOLE (O ‘TOOLE  PETER )		
PETER PHELBS
PETER SARSGAARD
PETER SELLERS
PETER  STORMARE
PETER  USTINOV
PETER VAN EYCK
PETER WELLER
PETERSSON TORKEL  (TORKEL  PETERSSON)
PETRA  SCHMIDT  SHALLER
PHILIP  CAREY
PHILIP KWOK
PHILIP  RHEE
PHILIP  SEYMOUR HOFMAN
PHILIPPE  CAROIT
PHILIPPE  DUQUESNE
PHILIPPE LAUDENBACH
PHILIPPE  LELOUCH
PHILIPPE  LEOTARD
PHILIPPE NOIRET  (NOIRET  PHILIPPE )
PHILIPPE TORRETON
PHILIPPE  VOLTER
PICCOLI  MICHEL 
PIERCE BROSNAN
PIERFRANCESCO FAVINO
PIERO LULLI
PIERRE  BOULANGER
PIERRE BRASSEUR
PIERRE CURZI
PIERRE ETAIX  
PIERRE GENDRON 
PIERRE    KLOSSOWSKI
PIERRE  LEBLANC
PIERRE LUC  BRILLANT
PIERRE  MONDY
PIERRE OUDREY
PIERRE RENOIR
PIERRE RICHARD
PILLAR  BARDEM
PILOU  ASBAEK
PIO  MARMAI
PIPER  LAURIE
PITCHANART SAKAKORN  (SAKAKORN  PITCHANART)
PODALYDES  BRUNO ET DENIS
POLITO  JOHN
PRESSLY JAIME
PRESTIA JO
PRINCE
PRIYANKA CHOPRA
PROCHNOW JURGEN
PUREFOY JAMES
PYOTR  MAMONOV
Qi shu  (SHU QI)
QIANG CHEN
QUINTON RAMPAGE JACKSON


R.G AMSTRONG
RABAH AMEUR ZAIMECHE
RACHAEL TAYLOR  (TAYLOR  RACHAEL )
RACHEL  HENDRIX
RACHEL  HURD  WOOD
RACHEL  LEIGH  B   COOK
RACHEL  MC ADAMS
RACHEL  MELVIN
RACHEL  WEISZ
RACHEL  WILSON
RADE  SERBEDZIJA
RADOVITCH   SEBASTIEN   
RAF   BALDASSARE
RAF  VALLONE
RAFAELLI  CYRYLLE
RAHIM TAHAR  (TAHAR  RAHIM)
RAIN
RALPH  BROWN
RALPH  CARLSSON
RALPH HERFORTH
RALPH  SEYMOUR
RAMI MALEK
RAMIREZ  EFREN
RANDOLPH  SCOTT
RANDY QUAID
RANDY  WAYNE
RAOUL  BOVA
RATZENBERGER JOHN
RAUL AREVALO
RAUL  MENDEZ
RAUL  TRUJILLO
RAY LIOTTA
RAY MILLAND
RAY STEVENSON
RAY  WINSTONE
RAY  WISE
RAYMOND BOUCHARD
RAYMOND  BURR
RAYMOND  BUSSIERES
RAYMOND J. BARRY
RAYMOND  MEUNIER
RAYMOND  ST JACQUES 
RAYNE GUEST
RDJAN TODOROVIC  (TODOROVIC  RDJAN)
REBECCA  DE MORNAY
REBECCA  HALL
REBECCA HEMSE
REDGRAVE     MICHAEL          
RED  BROWN
RED  WEST
REDA  KATEB
REESE WITHERSPOON
REEVES   KEANU    
REEVES     STEVE  
REGGIE BANNISTER
REITER  SABRINA 
REMY GIRARD
REN OSHUGI  (OSHUGI  REN)
RENAULD    ISABELLE    
RENAULD  LINE  
RENEE  ASHERSON
RENEE ZELLWEGER
RENJI    ISHIBASHI  			
RENKO  SERGE  		
REUNREUNG   SUPATCHAYA   
RHETT   GILES
RHONDA  FLEYMING
RHYS  COIRO
RHYS WILLIAMS
RIABOUKINE  SERGE 
RICARDO  DARIN
RICARDO  MONTALBAN
RICHARD  ANCONINA
RICHARD  ATTENBOROUGH
RICHARD  BASEHART
RICHARD  BERRY (BERRY  RICHARD)	
RICHARD BOHRINGER (BOHRINGER RICHARD)
RICHARD  BRAKE
RICHARD  BURTON
RICHARD  CARLSON
RICHARD  CHAMBERLAIN
RICHARD CONSTANTINI
RICHARD  CONTE
RICHARD  COYLE
RICHARD DENISE
RICHARD DENNING
RICHARD DREYFUS
RICHARD  EDSON
RICHARD  FITZPATRICK
RICHARD GERE
RICHARD  GLOVER
RICHARD  GRIECO
RICHARD HARMON
RICHARD  HARRIS
RICHARD  HARRISSON
RICHARD JAECKEL
RICHARD  JENKINS
RICHARD  KIND
RICHARD  LYNCH
RICHARD  MOLL 
RICHARD NG  (NG  RICHARD )
RICHARD  PRIOR
RICHARD  ROUNDTREE
RICHARD  SAMMEL
RICHARD TODD  (TODD  RICHARD)
RICHARD TYSON
RICHARD  WIDMARK
RICHARD    WILSON
RICHARD  ZEMAN
RICHIE  MULLER
RICK    MORANIS
RICK  RAVANELLO
RICKY  TOMLINSON  (TOMLINSON  RICKY  )
RIDEAU  STEPHANE  
RIEMAN  KATJA  
RIEMELT  MAX          
RILEY  SMITH
RIO  DEWANTO
RITA  HAYWORTH
RITA   MORENO
ROARK  CRITCHLOW
ROB  LOWE
ROB  REINER
ROB   SCHNEIDER
ROBBIE 	 CLEIREN
ROBERT  BELUSHI
ROBERT  BLAKE
ROBERT CARLYLE
ROBERT  CUMMINGS
ROBERT    DAVI
ROBERT  DE  HOOG
ROBERT    DOWNEY JR
ROBERT    DUVALL
ROBERT    ENGLUND
ROBERT    FORSTER
ROBERT  GUSTAFSSON
ROBERT    HIRSH
ROBERT    HOFFMAN
ROBERT     HOSSEIN
ROBERT J. BURKE
ROBERT  JOY
ROBERT   MIDDELTON
ROBERT  MITCHUM
ROBERT  MONTGOMERY
ROBERT  MORLEY
ROBERT  NEWTON
ROBERT PATRICK
ROBERT  PATTISON
ROBERT  PRALGO
ROBERT  PRINE
ROBERT REDFORD
ROBERT TAYLOR (TAYLOR  ROBERT)
ROBERT RYAN
ROBERT VAUGHN
ROBERT  WAGNER
ROBERT  WARWICK
ROBIN  HAWDON
ROBIN  MURIEL		
ROBIN THOMAS
ROBIN WILLIAMS
ROBINSON  STEVENIN
ROCK   HUDSON
ROCKWELL SAM  
ROCKY MARQUETTE
ROD  STEIGER
RODDY MC DOWALL
RODRIGO DE LA SERNA
ROGER  HANIN
ROGER  HONORAT
ROGER  JENDLY 
ROGER LA RUE
ROGER  LLOYD  PACK
ROGER  MOORE
ROK OH  KWANG  (OH  KWANG  ROK)
ROLAND  GIRAUD
ROLF  KANIES
ROLF  LASSGARD
ROMAIN DURIS
ROMAN  PODHORA
ROMAN  POLANSKI
ROMANE    BOHRINGER
ROMY  SCHNEIDER
RON  LEA
RON  LIVINGSTON
RON PERLMAN
RONALD  MLODZIK
RONALD  ZEHRFELD
RONAN   SAOIRSE  
RONET  MAURICE
RONIT  ELKABETZ
ROONEY  MICKEY
RORY  CALHOUN
RORY CULKIN
ROSA  ARENAS
ROSAMUNDE  PIKE
ROSARIO  DAWSON
ROSAY  FRANCOISE
ROSE  BYRNE
ROSELYN  SANCHEZ
ROSS  KATHARINE
ROSS LYNCH
ROSSELINI  ISABELLA  
ROSSY DE PALMA
ROUVE jean paul
ROWAN  ATKINSON (ATKINSON ROWAN)
ROXANE  MESQUIDA
ROY  DUPUIS
ROY   SCHEIDER
ROYAL  DANO
RUBEN  GARFIAS
RUDIGER  VOGLER
RUFUS
RUFUS  SEWELL 
RUPPERT EVERETT
RUPPERT GRAVES
RUSSEL CROWE
RUSSO JAMES
RUTGER HAUER
RUTH  GORDON
RUTH  NEGGA
RUTH VEGA FERNANDEZ 
RUTHERFORD  MARGARET
RY  BARRET
RYAN GOSLING
RYAN  GRANTHAM
RYAN  GUZMAN
RYAN  KWANTEN
RYAN O’NEAL  (O’NEAL  RYAN)
RYAN REYNOLDS
RYO ISHIBASHI
RYU SEUNG YONG	



SAAKO  SAWAMURA
SABINE  HAUDEPIN
SABRINA OUAZANI   (OUAZANI   SABRINA)
SABRINA  REITER  (REITER  SABRINA )
SABU
SABU KAWAHARA  (KAWAHARA    SABU)
SACHA BARON COHEN
SASHA GREY  (GREY  SASHA)
SACHA  GUITRY (GUITRY SACHA)
SADAO  ABE
SAEKI  HINAKO
SAID  TAGHMAOUI   (TAGHMAOUI   SAID )
SAKAKORN  PITCHANART
SAKDA  KAEWBUADEE
SAKI TAKAOKA  (TAKAOKA  SAKI)
SALEH  BAKRI 
SALIF ALI KHAN 
SALIF  KEITA
SALIM  KEKIOUCHE
SALMA HAYEK
SALOMON  CARMONA
SALVO RANDONE
SAM  HENNINGS
SAM  LOUWYCK
SAM   MC   MURRAY
SAM NEILL (NEILL  SAM)
SAM   WATERSTON
SAM  WORTHINGTON
SAMANTA MORTON
SAMI  BOUAJILA
SAMI  FREY
SAMMO HUNG
SAMUEL  BOIDIN
SAMUEL FUELLER
SAMUEL LE BIHAN
SAMUEL LEE JACKSON
SANAA  LATHAN
SANADA HIROYAKI
SANDRA BULLOK  (BULLOK   SANDRA)
SANDRA MAC COY
SANDRINE  BISSON
SANDRINE BONNAIRE  (BONNAIRE    SANDRINE)
SANDRINE KIBERLAIN
SANDS JULIAN
SANG  MI SHOO
SANTIAGO SEGURA
SARA  CANNING
SARA  CARINHAS
SARA  FORESTIER
SARA  GIRARDEAU  (GIRARDEAU  SARA)
SARA  PAXTON
SARAH  BUTLER
SARAH MICHELLE GELLAR
SARAH POLEY
SARAH  SNOOK
SARAIN  BOYLAN
SATOMI  ISHIHARA
SATOMI  KOTARO
SATOSHI  TSUMABUKI  (TSUMABUKI  SATOSHI )
SAUL  STEIN 
SAUL  WILLIAMS
SAWAMURA SAAKO  (SAAKO  SAWAMURA)
SCARLETT JOHANSSON
SCERBO  CASSIE
SCHWARZENEGGER        
SCOOT  Mc  NAIRY	
SCOTT  ADKINS
SCOTT BAIRSTOW
SCOTT BAKULA
SCOTT  WILSON
SCOTT WILLS
SEAN  ASTIN
SEAN  BEAN 
SEAN CONNERY
SEAN  FARIS
SEAN  HARRIS
SEAN  HAYES
SEAN PATRICK FLANERY
SEAN PENN
SEAN  PERTWEE
SEAN WILLIAM SCOTT
SEAN  YOUNG
SEBASTIEN RADOVITCH  (RADOVITCH   SEBASTIEN )
SEBASTIAN STROBEL
SEEMA  BISWAS
SELENA GOMEZ   (GOMEZ   SELENA)
SELMA BLAIR
SEO  HYEONG  KIM
SEO GYEONG GU
SEO  YEONG HEE
SEON  YU
SERGE  HOUDE
SERGE RENKO  -(RENKO  SERGE)
SERGE RIABOUKINE  (RIABOUKINE  SERGE )
SERGEI  CHIRKOV
SERGEY NIKONENKO  (NIKONENKO  SERGEY)
SERGI LOPEZ
SERKAN  KESKIN 
SERVAIS  JEAN
SETH GREEN
SETH ROGEN
SETSUKO  HARA
SEUNG  WOO  KIM
SHAH  RUKH  KHAN
SHALAB     HOSSEINI
SHANE WEST
SHANNA COLLINS
SHANNEN DOHERTY
SHANNYN  SOSSAMON
SHAREEKA   EPPS		
SHARON     STONE
SHAUN  EVANS
SHAUN  PARKS
SHAWN WAYANS (WAYANS  SHAWN)) 
SHEEN   CHARLIE
SHEEN    MARTIN
SHELBY  FENNER
SHELDON  LEONARD
SHELLEY  CALENE  BLACK
SHELLEY  WINTERS
SHERMAN HEMSLEY
SHERRY  SHEPPERD
SHERRY  STRINGFIELD
SHIGERU  AMACHI
SHIMAZU KENTARO
SHIN  EUN GYUN 
SHIN HA KYUN
SHIN HYEON JUN
SHIN JAE MYEONG
SHINGO TSURUMI  (TSURUMI   SHINGO )
SHINYA  TSUKAMOTO  (TSUKAMOTO SHINYA)
SHION  MACHIDA
SHOO SANG  MI (SANG  MI SHOO)
SHU QI
SHUN OGURI   (OGURI   SHUN)
SIDNEY POITIERS
SIGOURNEY WEAVER
SILKE
SILVANO   TRANQUILLI  (TRANQUILLI   SILVANO)
SIMON ABKARIAN
SIMON  MC  BURNEY
SIMON   PEGG
SIMON POTTER	
SIMON YAM
SIMONE  SIGNORET
SIRIJANYA NIROOJ  (NIROOJ  SIRIJANYA)
SMAIN
SNOOP DOG		
SONG KANG HO
SONGKLA CHALA
SOO  AE  
SOPHIA BUSH
SOPHIA  LOREN
SOPHIE  CATTANI
SOPHIE DESMARAIS
SOPHIE MARCEAU
SOPHIE  VON  KESSEL	
SOPHIE    WARD
SPENCER TRACY   (TRACY   SPENCER)
SRDIAN TODOROVIC
STACY  KEACH
STALONE      
STANLEY  BAKER	
STANLEY  TUCCI  (TUCCI  STANLEY )		
STEEN STIG  LOMMER
STEFANIE VON PFETTEN
STELLAN  SKARSGAARD
STEPHANE  LUCA
STEPHANE  AUDRAN
STEPHANE  DEGROOT
STEPHANE FREISS  (FREISS    STEPHANE)
STEPHANE  RIDEAU  (RIDEAU  STEPHANE)
STEPHANIE  BENNETT
STEPHANIE  MOORE
STEPHANIE  POWERS
STEPHANIE SCOTT
STEPHANIE  SCHONFELD
STEPHEN  BLACKEHART
STEPHEN CAMPBELL MOORE
STEPHEN CHOW
STEPHEN DORFF
STEPHEN  LEE
STEPHEN  MACHT
STEPHEN Mc HATTIE
STEPHEN Mc NALLY
STEPHEN  REA (REA  STEPHEN)
STERLING  HAYDEN
STERLING  JAN
STERLING  KNIGHT
STEVE  AUSTIN
STEVE  BACIC 
STEVE BUSCEMI
STEVE  CARRELL
STEVE  COCHRAN
STEVE  COOGAN
STEVE GUTTENBERG  (GUTTENBERG  STEVE ) 
STEVE JAMES
STEVE  LE  MARQUAND
STEVE MAC QUEEN
STEVE MARTIN
STEVE REEVES    (REEVES  STEVE )
STEVE SANDOR
STEVE  WARREN
STEVE  ZAHN
STEVEN BAUER
STEVEN  BERKOFF
STEVEN  DE  JONG
STEVEN SEAGAL
STEVEN WEBER
STEVENIN  JEAN  FRANCOIS
STEWART FRENCH  (FRENCH   STEWART)
STEWART GRANGER  ( GRANGER  STEWART)
STILES JULIA
STIPE  ERCEG
STOMY BUGSY
STOWE madeleine
STUART  WHITMAN
STUMPTER JEREMY
SUGIHARA  ISAMU
SUL  KYUNG GU
SUNG  HA  JO
SUNG KEE AHN
SUPAKSON  CHAIMONGKOL
SUPAKORN  KITSUWON
SUPATCHAYA REUNREUNG   (REUNREUNG   SUPATCHAYA )
SUSAN  HAYWARD
SUSAN  OLIVER
SUSAN SARANDON
SUSI  SANCHEZ
SUSIE  PORTER
SUSUKI   KYOKA
SUZAN  CROWLEY
SUZANNA URSZULY
SUZANNE  BASTIEN
SUZANNE  CLEMENT 
SUZANNE  PLESHETTE
SUZI  LORRAINE
SYLVAIN BEAUCHAMPS
SYLVANA  MANGANO
SYLVESTER  GROTH
SYLVIA  CHANG
SYLVIE  MOREAU
SYLVIE TESTUT  (TESTUT  SYLVIE)

T.J  ROTOLO
TAE  WON  KWON
TAGHMAOUI   SAID          
TAHAR  RAHIM
TAIJI  TONOYAMA
TAIKA WAITITI
TAK SAKAGUCHI
TAKAO OSAWA (OSAWA  TAKAO)
Takashi NISHINA (NISHINA Takashi)
TAKASHI  SASANO 
TAKASHI  SHIMURA
TAKENATA NAOTO  (NAOTO  TAKENATA)
TAKERU  SATO
TAKESHI KANESHIRO
TAKESHI     KITANO
TAKUMI  SAITO 
TALBOT JEAN PIERRE
TAMARA  HOPE
TAMBLYN  RUSS  				
TAMMIN  SURSOK
TAMMY  DAVIS
TANJA  REDHORNE
TANYA  ROBERTS
TAO  ZHAO
TARA REID
TARA  WILSON
TARIK  KOPTY
TATE     LARENTZ         
TATI
TATSUYA  FUJI
TATSUYA  FUFIWARA
TATSUYA NAKA  (NAKA  TATSUYA)
TATSUYA NAKADAI  (NAKADAI   TATSUYA)
TATYANA   A LI
TATYANA  LYUTAYEVA
TAYLOR  JOAN
TAYLOR LAUTNER
TAYLOR  RACHAEL  			
TAYLOR  ROBERT  			
TAYLOR  ROD 			
TCHEKY KARYO
TCHERINA  LUDMILLA
TED MONTE
TEGAN  MOSS
TELLY  SAVALAS
TEMUERA  MORRISON
TENOCH  HUERTA
TEREKHOVA  MARGARITA
TERESA     SZMIGIELOWNA
TERI  GARR
TERI  POLO
TERRENCE    EVANS
TERRENCE  HILL
TERRENCE HOWARD
TERRENCE MANN
TERRENCE STAMP
TERYUKI  KAGAWA
TESTUT  SYLVIE
TEXAS BATTLE
TEZUKA TORU  (TORU  TEZUKA)
THANDIE	NEWTON (NEWTON  THANDIE	)
THE ROCK  (Dwayne Johnson)
THEO  CHOLBI
THEO  LINGEN
THERESA  WRIGHT
THIERRY  DE  COSTER
THIERRY  FREMONT
THIERRY  GIBAULT
THIERRY  GODART
THIERRY LHERMITTE
THIERRY MELANIE  	
THIERRY NEUVIC
THIRY  RAYMOND 
THOMAS  BRODIE SANGSTER	
THOMAS  GOMEZ
THOMAS  HADEN  CHURCH
THOMAS HILL
THOMAS  JOUANET
THOMAS KAVANAGH (KAVANAGH THOMAS)
THOMAS  KRETSHMAN
THOMAS  MANN
THOMAS  MITCHELL
THOMAS TURGOOSE
THORA BIRCH
TI  LEUNG
TIA CARRERE
TICKY HOLGADO
TIEN NI  (NI  TIEN)
TIFFANI  THIESSEN
TIFFANY  SHEPIS
TIKA  SUMPTER
TIL  SCHWEIGER
TILDA  SWINTON
TILLY  JENNIFER
TIM  ABELL
TIM  ALLEN
TIM  CONWAY
TIM JO
TIM  MC  DANIEL
TIM   REID
TIM  ROBBINS
TIM   ROTH
TIMOTHY  DALTON
TIMOTHY   HUTTON
TIMOTHY OLYPHANT   (OLYPHANT   TIMOTHY)
TIMOTHY  SPALL
TINA  BARNES
TINA  KRAUSE
TINO ROSSI
TINTO  BRASS
TITOFF
TOBBEY   MAGUIRE
TOBIAS  MORETTI
TOBIN  BELL
TOBY  JONES
TODD ALLEN
TODD  BABCOCK
TODD JENSEN
TODD  RICHARD
TODOROVIC  RDJAN
TOGO  IGAWA
TOM     ATKINS
TOM  BENEDICT  KNIGHT
TOM  BERENGER
TOM  BURKE
TOM  CONWAY	
TOM   CRUISE
TOM  EVERETT  SCOTT
TOM  FREDERIC
TOM  GREEN
TOM  HANKS
TOM  HARDY
TOM  KEMP
TOM  LASS
TOM NOWICKI  (NOWICKI  TOM)
TOM  SAVINI
TOM  SHILLING
TOM  SELLECK
TOM      SIZEMORE
TOM     WILKINSON
TOMAS  LEMARQUIS
TOMAS  MILIAN
TOMEI  MARISA
TOMER  SISLEY
TOMISABURO  WAKAYAMA
TOMLINSON  RICKY 
TOMOHIRO OKADA   (OKADA   TOMOHIRO)		
TOMMY  DYSART
TOMMY  LEE   JONES
TONI  COLETTE
TONI  LEUNG CHIU WAI
TONI  SERVILLO
TONY  CURTIS
TONY  GOLDWYN
TONY  HO
TONY  JAA
TONY NAPPO  (NAPPO TONY)
TONY TODD
TORKEL  PETERSSON
TORN  RIP  				
TORREY DEVITTO
TORRI  HINGINSON
TORU  TEZUKA
TOSHI NEGISHI (NEGISHI TOSHI)
TOSHIRO  MIFUNE 
TOVAH  FELDSHUH
TRACEY    WALTER
TRACI  LORDS
TRACY NELSON  (NELSON   TRACY)
TRACY   SPENCER  
TRANQUILLI   SILVANO				
TRAVIS  FIMMEL
TRAVIS  VAN  WINKLE
TRAVOLTA 
TREADAWAY  LUKE
TREAT WILLIAMS
TRENT  HAAGA
TREVOR HOWARD
TREVOR  MORGAN
TREY PARKER
TRINTIGNANT JEAN  LOUIS
TRISTAN  ULLOA
TSUKAMOTO SHINYA
TSUMABUKI  SATOSHI 
TSURUMI   SHINGO 
TUCKER JONATHAN
TUCCI  STANLEY  
TUDOR CHIRILA
TUPAC  SHAKUR
TUPPENCE  MIDDLETON
TURGAY  TANULKU
TURTURO  JOHN
TY  GLASER
TY OLSSON
TYGH  RUNYAN
TYLER  JAMES  WILLIAMS
TYLER  JOHNSTON
TYLER  LABINE
TYLER  LIV
TYRONE  POWER
TYZACK  MARGARET  				


										

UDO KIER
UDO  SAMEL
UGO  TOGNAZZI
ULRICH  MUHE
ULRICH THOMSEN
ULRICH  TUKUR
UMA THURMAN
UMBERTO  RAHO 
URABE Kumeko
URSULA  WERNER
VAHINA  GIOCANTE
VAL KILMER
VALENTIN  ZUBKOV
VALENTINA LODOVINI
VALERIA BRUNI TEDESHI
VALERIA DE FRANCISIS
VALERIA  GOLINO
VALERIE  BONNETON
VALERIE  DONZELLI
VALERIE  KAPRISKY
VALERIE  MAIRESSE		
VALERIE  NIEHAUS
VALERIO  MASTANDREA
VALERIY  ZOLOTUKIN
VAN  EFLIN
VAN  JOHNSON
VAN DAMME     
VASCONCELOS  LUIS
VEERLE  BAETENS
VELIBOR  TOPIC
VENTURA  LINO
VERA  FARMIGA
VERNON DOBTCHEFF
VERONIQUE GENEST  (GENEST  VERONIQUE)
VIARD  KARIN
VICKI  LEWIS
VICTOR  GARBER
VICTOR  MATURE
VICTOR  WONG
VICTORIA ABRIL
VICTORIA  BARABAS
VICTORIA  PRAT
VIGGO  MORTENSEN
VIKTOR SUKHORUKOV 
VIKTOR  VERZHBITSKY
WILL KEENAN
VILLE  VIRTANEN  
VIMALA PONS
VIN DIESEL
VINCE COLOSIMO
VINCE  VAUGHN
VINCENT CASSEL
VINCENT DESAGNAT
VINCENT  D’ONOFRIO
VINCENT DUBOIS
VINCENT ELBAZ
VINCENT GARDENIA
VINCENT  LECLERC
VINCENT LINDON
VINCENT  MACAIGNE
VINCENT MARTIN 
VINCENT  MARTINEZ
VINCENT PASTORE 
VINCENT PEREZ
VINCENT  PRICE
VINCENT ROTTIERS
VINCENT SPANO
VINCENT VENTRESCA
VINESSA  SHAW
VING RHAMES	
VINNIE JONES
VIOLA  DAVIS
VIRGINIA  MADSEN
VIRGINIE LEDOYEN
VITTORIO DE SICA
VITTORIO  GASSMAN
VIVA  BIANCA
VIVIAN HSU
VIVIAN  WU
VIVIANE ROMANCE
VIVICA A FOX
VLAD  IVANOV
VLADIMIR  FRIEDMAN
VLADIMIR MACHKOV
VLADIMIR  VDOVICHENKO
VOJTECH  KOTEK
VONETTA Mc GEE
VYACHESLAV  RASBEGAEV

W.B ALEXABDER
WAI  FAN  MAK
WAKAO AYAKO
WAKAYAMA TOMISABURO (TOMISABURO  WAKAYAMA)
WALDEMAR  KOBUS
WALERA   KANISCHTSCHEFF
WALTER  CONNOLLY
WALTER  MATTHAU
WALTER TRACEY    (TRACEY    WALTER)
WARNER ANDERSON 
WARREN  BEATTY
WARREN  DEROSA
WARREN  KOLE
WARWICK  DAVIS
WAYANS (SHAWN et MARLON et DAMON) 
WAYNE JOHN
W  EARL  BROWN
WEI  ZHAO
WEISSMULLER  JOHNNY
WENZHUO  ZHAO
WES  BENTLEY
WES    CRAVEN
WESLEY    SNIPES	
WHITNEY   SLOAN
WHOOPY  GOLDBERG
WILL ARNETT
WILL FERREL
WILL  PATTON		
WILL    SMITH
WILLEM    DAFOE
WILLIAM -B -DAVIS
WILLIAM  BENDIX
WILLIAM  DEVANNE
WILLIAM  FORSYTHE
WILLIAM    H  MACY
WILLIAM   HOLDEN
WILLIAM  HOPPER
WILLIAM HOUSTON
WILLIAM   HURT
WILLIAM  KATT
WILLIAM  MAC DONALD 
WILLIAM  MAPOTHER
WILLIAM  SCHALLERT
WILLIAM     SHATNER
WILLIAM   FINLEY
WILSON CHEN BO-LIN
WINONA  RYDER
WINSLET  KATE
WINSTON  CHAO
WLADYSLAW      KOWALSKI
WOLF  LARSON		
WOFGANG  STEGEMANN
WOLFGANG  STUMPF
WOOD  HARRIS
WOODS JAMES
WOODY  ALLEN
WOODY  HARRELSON			
WOTAN  MOHRING
WRENN SCHMIDT
WU  JIANG	
WYCLEF	    JEAN	

	

XANDER  BERKELEY	
XAVIER  BEAUVOIS
XAVIER  DOLAN
XING  YU
XIAOYING  SONG

YAHYA  GAIERY							
YAKUSHO KOJI (KOJI  YAKUSHO)
YAMAMOTO  MASASHI
YANNIS  KOKIASMENOS
YASSINE AZZOUZ 
YASSINE  FADEL
YE  JI WON
YEOH  MICHELLE
YEOM JEONG AH
YEUNG  CHI HING
YOLANDE  MOREAU
YOLONDA  ROSS
YOUSSEF  HAJDI
YOUSSOUF DJAORO
YU SEUNG HO
YU SEON  (SEON  YU)
YU WANG
YUEH HUA
YUEN BIAO  
YULE  MASITENG
YULIYA PERESILD
YUKO  KUSUNOKI
YUKO NATORI (NATORI  YUKO)
YUL BRUNER
YULE  MATISENG
YUMIKO  NOGAWA
YUN SEOK KIM
YURI  MEDVEDEV
YURI  SOLOMIN		
YUVAL  SEGAL
YVAN ATTAL
YVES  MONTAND
YVES  RENIER
YVETTE  MIMIEUX
YVONNE  STRAHOVSKI

ZABOU  BREITMAN
ZAC   EFFRON
ZACH  GALIFIANAKIS
ZACHARIE  CHASSERIAUD
ZACK  WARD
ZANA  MARJANOVIC
ZELDA RUBINSTEIN
ZENDAYA
ZHANG   JING  CHU
ZINEDINE  SOUALEM
ZIYI  ZHANG
ZLATO BURIC  (BURIC  ZLATO)
ZOE  BELL
ZOE  KAZAN
ZOE  SALDANA
ZOHAR SHTRAUSS
ZSOLT  NAGY
ZULAI  HENAO


										



















						


		



























	
						
	

	
	
	































					







                   							
















